seed,scenario,policy,day,sku,opening_kg,received_kg,requested_kg,sold_kg,unfilled_kg,recorded_unfilled_kg,expired_kg,closing_kg,ordered_kg,forecast_kg,revenue_kes,gross_margin_kes,waste_cost_kes,holding_cost_kes
0,base,sales_only,0,BEEF-A,135,0,53,53,0,0,0,82,130,53,31270,8480,0,65.60000000000001
0,base,sales_only,1,BEEF-A,82,0,85,82,3,0,0,0,140,67.5,48380,13120,0,0.0
0,base,sales_only,2,BEEF-A,0,140,40,40,0,0,0,100,4,58.333333,23600,6400,0,80.0
0,base,sales_only,3,BEEF-A,100,130,46,46,0,0,0,184,33,55.25,27140,7360,0,147.20000000000002
0,base,sales_only,4,BEEF-A,184,0,54,54,0,0,0,130,53,55,31860,8640,0,104.0
0,base,sales_only,5,BEEF-A,130,57,31,31,0,0,0,156,15,51,18290,4960,0,124.80000000000001
0,base,sales_only,6,BEEF-A,156,48,36,36,0,0,0,168,28,48.857143,21240,5760,0,134.4
0,base,sales_only,7,BEEF-A,168,0,39,39,0,0,0,129,34,47.625,23010,6240,0,103.2
0,base,sales_only,8,BEEF-A,129,34,27,27,0,0,0,136,18,45.333333,15930,4320,0,108.80000000000001
0,base,sales_only,9,BEEF-A,136,46,31,31,0,0,0,151,25,43.9,18290,4960,0,120.80000000000001
0,base,sales_only,10,BEEF-A,151,25,22,22,0,0,0,154,14,41.909091,12980,3520,0,123.2
0,base,sales_only,11,BEEF-A,154,14,51,51,0,0,1,116,55,42.666667,30090,8160,430,92.80000000000001
0,base,sales_only,12,BEEF-A,116,55,45,45,0,0,0,126,46,42.846154,26550,7200,0,100.80000000000001
0,base,sales_only,13,BEEF-A,126,46,52,52,0,0,0,120,54,43.5,30680,8320,0,96.0
0,base,sales_only,14,BEEF-A,120,54,33,33,0,0,0,141,31,42.8,19470,5280,0,112.80000000000001
0,base,sales_only,15,BEEF-A,141,0,17,17,0,0,0,124,10,41.1875,10030,2720,0,99.2
0,base,sales_only,16,BEEF-A,124,10,63,63,0,0,0,71,68,42.470588,37170,10080,0,56.800000000000004
0,base,sales_only,17,BEEF-A,71,99,29,29,0,0,0,141,26,41.722222,17110,4640,0,112.80000000000001
0,base,sales_only,18,BEEF-A,141,26,70,70,0,0,0,97,76,43.210526,41300,11200,0,77.60000000000001
0,base,sales_only,19,BEEF-A,97,76,63,63,0,0,0,110,67,44.2,37170,10080,0,88.0
0,base,sales_only,20,BEEF-A,110,67,26,26,0,0,0,151,23,43.333333,15340,4160,0,120.80000000000001
0,base,sales_only,21,BEEF-A,151,23,47,47,0,0,0,127,47,43.5,27730,7520,0,101.60000000000001
0,base,sales_only,22,BEEF-A,127,47,41,41,0,0,0,133,41,43.391304,24190,6560,0,106.4
0,base,sales_only,23,BEEF-A,133,41,38,38,0,0,0,136,37,43.166667,22420,6080,0,108.80000000000001
0,base,sales_only,24,BEEF-A,136,0,29,29,0,0,0,107,27,42.6,17110,4640,0,85.60000000000001
0,base,sales_only,25,BEEF-A,107,27,52,52,0,0,0,82,53,42.961538,30680,8320,0,65.60000000000001
0,base,sales_only,26,BEEF-A,82,90,38,38,0,0,0,134,38,42.777778,22420,6080,0,107.2
0,base,sales_only,27,BEEF-A,134,0,35,35,0,0,0,99,33,42.5,20650,5600,0,79.2
0,base,sales_only,28,BEEF-A,99,33,51,51,0,0,0,81,51,42.428571,30090,8160,0,64.8
0,base,sales_only,29,BEEF-A,81,89,30,30,0,0,0,140,23,40.571429,17700,4800,0,112.0
0,base,sales_only,30,BEEF-A,140,23,32,32,0,0,0,131,31,40.285714,18880,5120,0,104.80000000000001
0,base,sales_only,31,BEEF-A,131,31,34,34,0,0,0,128,32,39.857143,20060,5440,0,102.4
0,base,sales_only,32,BEEF-A,128,32,34,34,0,0,0,126,31,39.142857,20060,5440,0,100.80000000000001
0,base,sales_only,33,BEEF-A,126,31,56,56,0,0,0,101,60,40.035714,33040,8960,0,80.80000000000001
0,base,sales_only,34,BEEF-A,101,60,39,39,0,0,0,122,39,40.142857,23010,6240,0,97.60000000000001
0,base,sales_only,35,BEEF-A,122,39,19,19,0,0,0,142,16,39.428571,11210,3040,0,113.60000000000001
0,base,sales_only,36,BEEF-A,142,0,27,27,0,0,0,115,27,39.428571,15930,4320,0,92.0
0,base,sales_only,37,BEEF-A,115,27,23,23,0,0,0,119,22,39.142857,13570,3680,0,95.2
0,base,sales_only,38,BEEF-A,119,38,55,55,0,0,0,102,60,40.321429,32450,8800,0,81.60000000000001
0,base,sales_only,39,BEEF-A,102,0,34,34,0,0,0,68,31,39.714286,20060,5440,0,54.400000000000006
0,base,sales_only,40,BEEF-A,68,31,55,55,0,0,0,44,57,40.071429,32450,8800,0,35.2
0,base,sales_only,41,BEEF-A,44,117,43,43,0,0,0,118,41,39.75,25370,6880,0,94.4
0,base,sales_only,42,BEEF-A,118,41,45,45,0,0,0,114,47,40.178571,26550,7200,0,91.2
0,base,sales_only,43,BEEF-A,114,47,48,48,0,0,0,113,53,41.285714,28320,7680,0,90.4
0,base,sales_only,44,BEEF-A,113,0,52,52,0,0,0,61,50,40.892857,30680,8320,0,48.800000000000004
0,base,sales_only,45,BEEF-A,61,50,54,54,0,0,0,57,58,41.785714,31860,8640,0,45.6
0,base,sales_only,46,BEEF-A,57,53,46,46,0,0,0,64,42,40.928571,27140,7360,0,51.2
0,base,sales_only,47,BEEF-A,64,42,123,106,17,0,0,0,112,42.464286,62540,16960,0,0.0
0,base,sales_only,48,BEEF-A,0,170,20,20,0,0,0,150,19,42.25,11800,3200,0,120.0
0,base,sales_only,49,BEEF-A,150,19,50,50,0,0,0,119,51,42.357143,29500,8000,0,95.2
0,base,sales_only,50,BEEF-A,119,0,43,43,0,0,0,76,43,42.428571,25370,6880,0,60.800000000000004
0,base,sales_only,51,BEEF-A,76,43,34,34,0,0,0,85,34,42.285714,20060,5440,0,68.0
0,base,sales_only,52,BEEF-A,85,85,48,48,0,0,0,122,50,42.964286,28320,7680,0,97.60000000000001
0,base,sales_only,53,BEEF-A,122,0,48,48,0,0,0,74,48,42.821429,28320,7680,0,59.2
0,base,sales_only,54,BEEF-A,74,48,32,32,0,0,0,90,31,42.607143,18880,5120,0,72.0
0,base,sales_only,55,BEEF-A,90,81,30,30,0,0,0,141,29,42.428571,17700,4800,0,112.80000000000001
0,base,sales_only,56,BEEF-A,141,29,47,47,0,0,0,123,47,42.285714,27730,7520,0,98.4
0,base,sales_only,57,BEEF-A,123,47,47,47,0,0,0,123,49,42.892857,27730,7520,0,98.4
0,base,sales_only,58,BEEF-A,123,49,24,24,0,0,0,148,23,42.607143,14160,3840,0,118.4
0,base,sales_only,59,BEEF-A,148,23,38,38,0,0,0,133,38,42.75,22420,6080,0,106.4
0,base,sales_only,60,BEEF-A,133,38,54,54,0,0,0,117,57,43.464286,31860,8640,0,93.60000000000001
0,base,sales_only,61,BEEF-A,117,57,52,52,0,0,0,122,52,43.321429,30680,8320,0,97.60000000000001
0,base,sales_only,62,BEEF-A,122,52,25,25,0,0,0,149,23,42.821429,14750,4000,0,119.2
0,base,sales_only,63,BEEF-A,149,0,40,40,0,0,0,109,43,43.571429,23600,6400,0,87.2
0,base,sales_only,64,BEEF-A,109,43,26,26,0,0,0,126,26,43.535714,15340,4160,0,100.80000000000001
0,base,sales_only,65,BEEF-A,126,49,41,41,0,0,0,134,43,44.178571,24190,6560,0,107.2
0,base,sales_only,66,BEEF-A,134,43,31,31,0,0,0,146,28,43.321429,18290,4960,0,116.80000000000001
0,base,sales_only,67,BEEF-A,146,28,44,44,0,0,0,130,45,43.678571,25960,7040,0,104.0
0,base,sales_only,68,BEEF-A,130,45,46,46,0,0,0,129,45,43.357143,27140,7360,0,103.2
0,base,sales_only,69,BEEF-A,129,45,17,17,0,0,0,157,13,42.428571,10030,2720,0,125.60000000000001
0,base,sales_only,70,BEEF-A,157,13,48,48,0,0,0,122,49,42.535714,28320,7680,0,97.60000000000001
0,base,sales_only,71,BEEF-A,122,49,50,50,0,0,0,121,50,42.607143,29500,8000,0,96.80000000000001
0,base,sales_only,72,BEEF-A,121,50,67,67,0,0,0,104,69,43.142857,39530,10720,0,83.2
0,base,sales_only,73,BEEF-A,104,69,36,36,0,0,0,137,33,42.5,21240,5760,0,109.60000000000001
0,base,sales_only,74,BEEF-A,137,33,38,38,0,0,0,132,37,42.214286,22420,6080,0,105.60000000000001
0,base,sales_only,75,BEEF-A,132,37,57,57,0,0,0,112,50,40.464286,33630,9120,0,89.60000000000001
0,base,sales_only,76,BEEF-A,112,50,46,46,0,0,0,116,50,41.392857,27140,7360,0,92.80000000000001
0,base,sales_only,77,BEEF-A,116,50,32,32,0,0,0,134,29,40.75,18880,5120,0,107.2
0,base,sales_only,78,BEEF-A,134,29,27,27,0,0,0,136,25,40.178571,15930,4320,0,108.80000000000001
0,base,sales_only,79,BEEF-A,136,25,56,56,0,0,0,105,59,40.964286,33040,8960,0,84.0
0,base,sales_only,80,BEEF-A,105,59,81,81,0,0,0,83,86,42.142857,47790,12960,0,66.4
0,base,sales_only,81,BEEF-A,83,86,25,25,0,0,0,144,22,41.321429,14750,4000,0,115.2
0,base,sales_only,82,BEEF-A,144,22,37,37,0,0,0,129,37,41.5,21830,5920,0,103.2
0,base,sales_only,83,BEEF-A,129,37,36,36,0,0,0,130,37,41.714286,21240,5760,0,104.0
0,base,sales_only,84,BEEF-A,130,37,65,65,0,0,0,102,68,42.357143,38350,10400,0,81.60000000000001
0,base,sales_only,85,BEEF-A,102,68,30,30,0,0,0,140,27,41.75,17700,4800,0,112.0
0,base,sales_only,86,BEEF-A,140,27,40,40,0,0,0,127,43,42.321429,23600,6400,0,101.60000000000001
0,base,sales_only,87,BEEF-A,127,43,54,54,0,0,0,116,56,42.892857,31860,8640,0,92.80000000000001
0,base,sales_only,88,BEEF-A,116,56,50,50,0,0,0,122,49,42.75,29500,8000,0,97.60000000000001
0,base,sales_only,89,BEEF-A,122,0,47,47,0,0,0,75,47,42.571429,27730,7520,0,60.0
0,base,sales_only,90,BEEF-A,75,47,19,19,0,0,0,103,18,42.357143,11210,3040,0,82.4
0,base,sales_only,91,BEEF-A,103,67,36,36,0,0,0,134,35,42.214286,21240,5760,0,107.2
0,base,sales_only,92,BEEF-A,134,35,57,57,0,0,0,112,62,43.321429,33630,9120,0,89.60000000000001
0,base,sales_only,93,BEEF-A,112,62,44,44,0,0,0,130,44,43.428571,25960,7040,0,104.0
0,base,sales_only,94,BEEF-A,130,0,45,45,0,0,0,85,47,43.928571,26550,7200,0,68.0
0,base,sales_only,95,BEEF-A,85,47,41,41,0,0,0,91,41,43.821429,24190,6560,0,72.8
0,base,sales_only,96,BEEF-A,91,44,57,57,0,0,0,78,58,44.214286,33630,9120,0,62.400000000000006
0,base,sales_only,97,BEEF-A,78,58,16,16,0,0,0,120,16,44.178571,9440,2560,0,96.0
0,base,sales_only,98,BEEF-A,120,57,29,29,0,0,0,148,26,43.5,17110,4640,0,118.4
0,base,sales_only,99,BEEF-A,148,26,25,25,0,0,0,149,22,42.607143,14750,4000,0,119.2
0,base,sales_only,100,BEEF-A,149,22,110,110,0,0,0,61,116,44.142857,64900,17600,0,48.800000000000004
0,base,sales_only,101,BEEF-A,61,116,46,46,0,0,0,131,47,44.5,27140,7360,0,104.80000000000001
0,base,sales_only,102,BEEF-A,131,47,53,53,0,0,0,125,56,45.035714,31270,8480,0,100.0
0,base,sales_only,103,BEEF-A,125,56,63,63,0,0,0,118,63,45.25,37170,10080,0,94.4
0,base,sales_only,104,BEEF-A,118,63,17,17,0,0,0,164,13,44.214286,10030,2720,0,131.20000000000002
0,base,sales_only,105,BEEF-A,164,13,23,23,0,0,0,154,22,43.892857,13570,3680,0,123.2
0,base,sales_only,106,BEEF-A,154,22,58,58,0,0,0,118,62,45,34220,9280,0,94.4
0,base,sales_only,107,BEEF-A,118,62,29,29,0,0,0,151,26,44.035714,17110,4640,0,120.80000000000001
0,base,sales_only,108,BEEF-A,151,26,79,79,0,0,0,98,78,43.964286,46610,12640,0,78.4
0,base,sales_only,109,BEEF-A,98,0,28,28,0,0,0,70,29,44.071429,16520,4480,0,56.0
0,base,sales_only,110,BEEF-A,70,29,48,48,0,0,0,51,49,44.464286,28320,7680,0,40.800000000000004
0,base,sales_only,111,BEEF-A,51,127,28,28,0,0,0,150,27,44.178571,16520,4480,0,120.0
0,base,sales_only,112,BEEF-A,150,27,63,63,0,0,0,114,63,44.107143,37170,10080,0,91.2
0,base,sales_only,113,BEEF-A,114,0,17,17,0,0,0,97,15,43.642857,10030,2720,0,77.60000000000001
0,base,sales_only,114,BEEF-A,97,15,38,38,0,0,0,74,38,43.571429,22420,6080,0,59.2
0,base,sales_only,115,BEEF-A,74,101,37,37,0,0,0,138,34,42.964286,21830,5920,0,110.4
0,base,sales_only,116,BEEF-A,138,34,72,72,0,0,0,100,75,43.75,42480,11520,0,80.0
0,base,sales_only,117,BEEF-A,100,0,91,91,0,0,0,9,98,45.321429,53690,14560,0,7.2
0,base,sales_only,118,BEEF-A,9,98,34,34,0,0,0,73,36,45.857143,20060,5440,0,58.400000000000006
0,base,sales_only,119,BEEF-A,73,111,28,28,0,0,0,156,27,45.571429,16520,4480,0,124.80000000000001
0,base,sales_only,120,BEEF-A,156,27,39,39,0,0,0,144,36,44.928571,23010,6240,0,115.2
0,base,sales_only,121,BEEF-A,144,36,77,77,0,0,0,103,82,46.107143,45430,12320,0,82.4
0,base,sales_only,122,BEEF-A,103,82,48,48,0,0,0,137,48,46.214286,28320,7680,0,109.60000000000001
0,base,sales_only,123,BEEF-A,137,0,84,84,0,0,0,53,90,47.75,49560,13440,0,42.400000000000006
0,base,sales_only,124,BEEF-A,53,90,82,82,0,0,0,61,86,48.642857,48380,13120,0,48.800000000000004
0,base,sales_only,125,BEEF-A,61,134,26,26,0,0,0,169,27,49,15340,4160,0,135.20000000000002
0,base,sales_only,126,BEEF-A,169,27,146,146,0,0,0,50,163,53.178571,86140,23360,0,40.0
0,base,sales_only,127,BEEF-A,50,163,39,39,0,0,0,174,41,53.678571,23010,6240,0,139.20000000000002
0,base,sales_only,128,BEEF-A,174,41,32,32,0,0,0,183,21,50.892857,18880,5120,0,146.4
0,base,sales_only,129,BEEF-A,183,21,61,61,0,0,0,143,63,51.428571,35990,9760,0,114.4
0,base,sales_only,130,BEEF-A,143,63,79,79,0,0,0,127,83,52.357143,46610,12640,0,101.60000000000001
0,base,sales_only,131,BEEF-A,127,83,47,47,0,0,0,163,45,51.785714,27730,7520,0,130.4
0,base,sales_only,132,BEEF-A,163,45,34,34,0,0,0,174,36,52.392857,20060,5440,0,139.20000000000002
0,base,sales_only,133,BEEF-A,174,36,35,35,0,0,0,175,37,52.821429,20650,5600,0,140.0
0,base,sales_only,134,BEEF-A,175,37,27,27,0,0,0,185,22,51.714286,15930,4320,0,148.0
0,base,sales_only,135,BEEF-A,185,22,61,61,0,0,0,146,66,52.857143,35990,9760,0,116.80000000000001
0,base,sales_only,136,BEEF-A,146,66,70,70,0,0,0,142,69,52.535714,41300,11200,0,113.60000000000001
0,base,sales_only,137,BEEF-A,142,69,118,118,0,0,0,93,130,55.75,69620,18880,0,74.4
0,base,sales_only,138,BEEF-A,93,130,96,96,0,0,0,127,103,57.464286,56640,15360,0,101.60000000000001
0,base,sales_only,139,BEEF-A,127,0,109,109,0,0,0,18,121,60.357143,64310,17440,0,14.4
0,base,sales_only,140,BEEF-A,18,121,26,26,0,0,0,113,21,59.035714,15340,4160,0,90.4
0,base,sales_only,141,BEEF-A,113,124,30,30,0,0,0,207,31,59.5,17700,4800,0,165.60000000000002
0,base,sales_only,142,BEEF-A,207,31,66,66,0,0,0,172,70,60.5,38940,10560,0,137.6
0,base,sales_only,143,BEEF-A,172,70,57,57,0,0,0,185,60,61.214286,33630,9120,0,148.0
0,base,sales_only,144,BEEF-A,185,60,79,79,0,0,0,166,80,61.464286,46610,12640,0,132.8
0,base,sales_only,145,BEEF-A,166,80,66,66,0,0,0,180,63,60.571429,38940,10560,0,144.0
0,base,sales_only,146,BEEF-A,180,63,41,41,0,0,0,202,42,60.821429,24190,6560,0,161.60000000000002
0,base,sales_only,147,BEEF-A,202,42,63,63,0,0,0,181,68,62.071429,37170,10080,0,144.8
0,base,sales_only,148,BEEF-A,181,68,39,39,0,0,0,210,39,62.071429,23010,6240,0,168.0
0,base,sales_only,149,BEEF-A,210,39,29,29,0,0,0,220,22,60.357143,17110,4640,0,176.0
0,base,sales_only,150,BEEF-A,220,22,30,30,0,0,0,212,27,59.714286,17700,4800,0,169.60000000000002
0,base,sales_only,151,BEEF-A,212,27,70,70,0,0,0,169,68,59.214286,41300,11200,0,135.20000000000002
0,base,sales_only,152,BEEF-A,169,68,67,67,0,0,0,170,65,58.678571,39530,10720,0,136.0
0,base,sales_only,153,BEEF-A,170,65,25,25,0,0,0,210,25,58.642857,14750,4000,0,168.0
0,base,sales_only,154,BEEF-A,210,25,121,121,0,0,0,114,117,57.75,71390,19360,0,91.2
0,base,sales_only,155,BEEF-A,114,0,101,101,0,0,0,13,110,59.964286,59590,16160,0,10.4
0,base,sales_only,156,BEEF-A,13,110,41,41,0,0,0,82,43,60.285714,24190,6560,0,65.60000000000001
0,base,sales_only,157,BEEF-A,82,160,30,30,0,0,0,212,25,59.178571,17700,4800,0,169.60000000000002
0,base,sales_only,158,BEEF-A,212,25,57,57,0,0,0,180,54,58.392857,33630,9120,0,144.0
0,base,sales_only,159,BEEF-A,180,54,78,78,0,0,0,156,82,59.5,46020,12480,0,124.80000000000001
0,base,sales_only,160,BEEF-A,156,82,41,41,0,0,0,197,42,59.75,24190,6560,0,157.60000000000002
0,base,sales_only,161,BEEF-A,197,42,78,78,0,0,0,161,85,61.285714,46020,12480,0,128.8
0,base,sales_only,162,BEEF-A,161,0,38,38,0,0,0,123,39,61.678571,22420,6080,0,98.4
0,base,sales_only,163,BEEF-A,123,39,51,51,0,0,0,111,50,61.321429,30090,8160,0,88.80000000000001
0,base,sales_only,164,BEEF-A,111,135,73,73,0,0,0,173,73,61.428571,43070,11680,0,138.4
0,base,sales_only,165,BEEF-A,173,73,61,61,0,0,0,185,53,59.392857,35990,9760,0,148.0
0,base,sales_only,166,BEEF-A,185,53,68,68,0,0,0,170,64,58.392857,40120,10880,0,136.0
0,base,sales_only,167,BEEF-A,170,64,39,39,0,0,0,195,29,55.892857,23010,6240,0,156.0
0,base,sales_only,168,BEEF-A,195,29,35,35,0,0,0,189,36,56.214286,20650,5600,0,151.20000000000002
0,base,sales_only,169,BEEF-A,189,36,47,47,0,0,0,178,50,56.821429,27730,7520,0,142.4
0,base,sales_only,170,BEEF-A,178,50,41,41,0,0,0,187,37,55.928571,24190,6560,0,149.6
0,base,sales_only,171,BEEF-A,187,37,64,64,0,0,0,160,65,56.178571,37760,10240,0,128.0
0,base,sales_only,172,BEEF-A,160,65,95,95,0,0,0,130,97,56.75,56050,15200,0,104.0
0,base,sales_only,173,BEEF-A,130,0,105,105,0,0,0,25,111,58.142857,61950,16800,0,20.0
0,base,sales_only,174,BEEF-A,25,111,30,30,0,0,0,106,28,57.75,17700,4800,0,84.80000000000001
0,base,sales_only,175,BEEF-A,106,125,44,44,0,0,0,187,42,57.071429,25960,7040,0,149.6
0,base,sales_only,176,BEEF-A,187,42,45,45,0,0,0,184,46,57.285714,26550,7200,0,147.20000000000002
0,base,sales_only,177,BEEF-A,184,46,37,37,0,0,0,193,38,57.571429,21830,5920,0,154.4
0,base,sales_only,178,BEEF-A,193,0,91,91,0,0,0,102,99,59.75,53690,14560,0,81.60000000000001
0,base,sales_only,179,BEEF-A,102,99,57,57,0,0,0,144,56,59.285714,33630,9120,0,115.2
0,base,sales_only,180,BEEF-A,144,94,181,181,0,0,0,57,197,63.357143,106790,28960,0,45.6
0,base,sales_only,181,BEEF-A,57,197,31,31,0,0,0,223,32,63.571429,18290,4960,0,178.4
0,base,sales_only,182,BEEF-A,223,32,55,55,0,0,0,200,45,61.214286,32450,8800,0,160.0
0,base,sales_only,183,BEEF-A,200,0,65,65,0,0,0,135,60,59.928571,38350,10400,0,108.0
0,base,sales_only,184,BEEF-A,135,60,49,49,0,0,0,146,50,60.214286,28910,7840,0,116.80000000000001
0,base,sales_only,185,BEEF-A,146,95,63,63,0,0,0,178,68,61.392857,37170,10080,0,142.4
0,base,sales_only,186,BEEF-A,178,68,56,56,0,0,0,190,56,61.357143,33040,8960,0,152.0
0,base,sales_only,187,BEEF-A,190,0,62,62,0,0,0,128,60,60.785714,36580,9920,0,102.4
0,base,sales_only,188,BEEF-A,128,60,29,29,0,0,0,159,27,60.357143,17110,4640,0,127.2
0,base,sales_only,189,BEEF-A,159,83,33,33,0,0,0,209,26,58.75,19470,5280,0,167.20000000000002
0,base,sales_only,190,BEEF-A,209,26,31,31,0,0,0,204,30,58.5,18290,4960,0,163.20000000000002
0,base,sales_only,191,BEEF-A,204,30,60,60,0,0,0,174,62,58.821429,35400,9600,0,139.20000000000002
0,base,sales_only,192,BEEF-A,174,0,72,72,0,0,0,102,72,58.785714,42480,11520,0,81.60000000000001
0,base,sales_only,193,BEEF-A,102,0,94,94,0,0,0,8,98,59.964286,55460,15040,0,6.4
0,base,sales_only,194,BEEF-A,8,160,77,77,0,0,0,91,79,60.285714,45430,12320,0,72.8
0,base,sales_only,195,BEEF-A,91,151,24,24,0,0,0,218,21,59.75,14160,3840,0,174.4
0,base,sales_only,196,BEEF-A,218,21,34,34,0,0,0,205,34,59.714286,20060,5440,0,164.0
0,base,sales_only,197,BEEF-A,205,34,50,50,0,0,0,189,51,59.821429,29500,8000,0,151.20000000000002
0,base,sales_only,198,BEEF-A,189,51,88,88,0,0,0,152,94,61.5,51920,14080,0,121.60000000000001
0,base,sales_only,199,BEEF-A,152,94,62,62,0,0,0,184,62,61.428571,36580,9920,0,147.20000000000002
0,base,sales_only,200,BEEF-A,184,62,107,107,0,0,0,139,109,61.857143,63130,17120,0,111.2
0,base,sales_only,201,BEEF-A,139,109,136,136,0,0,0,112,140,62.964286,80240,21760,0,89.60000000000001
0,base,sales_only,202,BEEF-A,112,140,25,25,0,0,0,227,25,62.785714,14750,4000,0,181.60000000000002
0,base,sales_only,203,BEEF-A,227,25,32,32,0,0,0,220,30,62.357143,18880,5120,0,176.0
0,base,sales_only,204,BEEF-A,220,30,64,64,0,0,0,186,67,63.035714,37760,10240,0,148.8
0,base,sales_only,205,BEEF-A,186,67,55,55,0,0,0,198,57,63.678571,32450,8800,0,158.4
0,base,sales_only,206,BEEF-A,198,57,73,73,0,0,0,182,71,63.035714,43070,11680,0,145.6
0,base,sales_only,207,BEEF-A,182,71,127,127,0,0,0,126,137,65.535714,74930,20320,0,100.80000000000001
0,base,sales_only,208,BEEF-A,126,137,90,90,0,0,0,173,77,62.285714,53100,14400,0,138.4
0,base,sales_only,209,BEEF-A,173,77,31,31,0,0,0,219,31,62.285714,18290,4960,0,175.20000000000002
0,base,sales_only,210,BEEF-A,219,31,26,26,0,0,0,224,21,61.25,15340,4160,0,179.20000000000002
0,base,sales_only,211,BEEF-A,224,0,33,33,0,0,0,191,29,60.107143,19470,5280,0,152.8
0,base,sales_only,212,BEEF-A,191,29,33,33,0,0,0,187,31,59.535714,19470,5280,0,149.6
0,base,sales_only,213,BEEF-A,187,21,47,47,0,0,0,161,44,58.964286,27730,7520,0,128.8
0,base,sales_only,214,BEEF-A,161,44,76,76,0,0,3,126,82,59.678571,44840,12160,1290,100.80000000000001
0,base,sales_only,215,BEEF-A,126,113,127,127,0,0,1,111,137,62,74930,20320,430,88.80000000000001
0,base,sales_only,216,BEEF-A,111,137,24,24,0,0,0,224,24,61.821429,14160,3840,0,179.20000000000002
0,base,sales_only,217,BEEF-A,224,24,74,74,0,0,0,174,80,63.285714,43660,11840,0,139.20000000000002
0,base,sales_only,218,BEEF-A,174,80,38,38,0,0,0,216,39,63.535714,22420,6080,0,172.8
0,base,sales_only,219,BEEF-A,216,39,60,60,0,0,0,195,60,63.535714,35400,9600,0,156.0
0,base,sales_only,220,BEEF-A,195,60,48,48,0,0,0,207,44,62.678571,28320,7680,0,165.60000000000002
0,base,sales_only,221,BEEF-A,207,0,52,52,0,0,0,155,46,61.178571,30680,8320,0,124.0
0,base,sales_only,222,BEEF-A,155,46,82,82,0,0,0,119,83,61.357143,48380,13120,0,95.2
0,base,sales_only,223,BEEF-A,119,127,51,51,0,0,0,195,55,62.321429,30090,8160,0,156.0
0,base,sales_only,224,BEEF-A,195,55,38,38,0,0,0,212,38,62.464286,22420,6080,0,169.60000000000002
0,base,sales_only,225,BEEF-A,212,38,50,50,0,0,0,200,50,62.464286,29500,8000,0,160.0
0,base,sales_only,226,BEEF-A,200,50,45,45,0,0,0,205,39,60.928571,26550,7200,0,164.0
0,base,sales_only,227,BEEF-A,205,39,82,82,0,0,0,162,85,61.642857,48380,13120,0,129.6
0,base,sales_only,228,BEEF-A,162,0,67,67,0,0,0,95,61,60.214286,39530,10720,0,76.0
0,base,sales_only,229,BEEF-A,95,61,50,50,0,0,0,106,38,57.142857,29500,8000,0,84.80000000000001
0,base,sales_only,230,BEEF-A,106,123,19,19,0,0,0,210,18,56.928571,11210,3040,0,168.0
0,base,sales_only,231,BEEF-A,210,18,94,94,0,0,0,134,103,59.142857,55460,15040,0,107.2
0,base,sales_only,232,BEEF-A,134,103,41,41,0,0,0,196,38,58.321429,24190,6560,0,156.8
0,base,sales_only,233,BEEF-A,196,0,139,139,0,0,0,57,151,61.321429,82010,22240,0,45.6
0,base,sales_only,234,BEEF-A,57,0,39,39,0,0,0,18,34,60.107143,23010,6240,0,14.4
0,base,sales_only,235,BEEF-A,18,38,73,56,17,0,0,0,46,57.571429,33040,8960,0,0.0
0,base,sales_only,236,BEEF-A,0,197,47,47,0,0,0,150,41,56.035714,27730,7520,0,120.0
0,base,sales_only,237,BEEF-A,150,75,47,47,0,0,0,178,49,56.607143,27730,7520,0,142.4
0,base,sales_only,238,BEEF-A,178,49,103,103,0,0,0,124,114,59.357143,60770,16480,0,99.2
0,base,sales_only,239,BEEF-A,124,0,36,36,0,0,0,88,36,59.464286,21240,5760,0,70.4
0,base,sales_only,0,CHICKEN-B,114,0,43,43,0,0,0,71,101,43,17630,5160,0,56.800000000000004
0,base,sales_only,1,CHICKEN-B,71,0,31,31,0,0,0,40,7,37,12710,3720,0,32.0
0,base,sales_only,2,CHICKEN-B,40,7,56,47,9,0,0,0,61,40.333333,19270,5640,0,0.0
0,base,sales_only,3,CHICKEN-B,0,162,68,68,0,0,0,94,95,47.25,27880,8160,0,75.2
0,base,sales_only,4,CHICKEN-B,94,95,33,33,0,0,0,156,22,44.4,13530,3960,0,124.80000000000001
0,base,sales_only,5,CHICKEN-B,156,22,60,60,0,0,0,118,70,47,24600,7200,0,94.4
0,base,sales_only,6,CHICKEN-B,118,70,26,26,0,0,0,162,14,44,10660,3120,0,129.6
0,base,sales_only,7,CHICKEN-B,162,14,65,65,0,0,0,111,76,46.625,26650,7800,0,88.80000000000001
0,base,sales_only,8,CHICKEN-B,111,76,26,26,0,0,0,161,17,44.333333,10660,3120,0,128.8
0,base,sales_only,9,CHICKEN-B,161,17,16,16,0,0,0,162,4,41.5,6560,1920,0,129.6
0,base,sales_only,10,CHICKEN-B,162,4,24,24,0,0,0,142,18,39.909091,9840,2880,0,113.60000000000001
0,base,sales_only,11,CHICKEN-B,142,18,36,36,0,0,31,93,66,39.583333,14760,4320,8990,74.4
0,base,sales_only,12,CHICKEN-B,93,66,53,53,0,0,0,106,57,40.615385,21730,6360,0,84.80000000000001
0,base,sales_only,13,CHICKEN-B,106,0,39,39,0,0,1,66,39,40.5,15990,4680,290,52.800000000000004
0,base,sales_only,14,CHICKEN-B,66,39,51,51,0,0,0,54,54,41.2,20910,6120,0,43.2
0,base,sales_only,15,CHICKEN-B,54,111,54,54,0,0,0,111,57,42,22140,6480,0,88.80000000000001
0,base,sales_only,16,CHICKEN-B,111,0,21,21,0,0,0,90,17,40.764706,8610,2520,0,72.0
0,base,sales_only,17,CHICKEN-B,90,17,9,9,0,0,0,98,1,39,3690,1080,0,78.4
0,base,sales_only,18,CHICKEN-B,98,58,59,59,0,0,0,97,64,40.052632,24190,7080,0,77.60000000000001
0,base,sales_only,19,CHICKEN-B,97,64,33,33,0,0,0,128,31,39.7,13530,3960,0,102.4
0,base,sales_only,20,CHICKEN-B,128,31,37,37,0,0,0,122,37,39.571429,15170,4440,0,97.60000000000001
0,base,sales_only,21,CHICKEN-B,122,0,47,47,0,0,0,75,48,39.909091,19270,5640,0,60.0
0,base,sales_only,22,CHICKEN-B,75,48,29,29,0,0,0,94,27,39.434783,11890,3480,0,75.2
0,base,sales_only,23,CHICKEN-B,94,64,34,34,0,0,0,124,33,39.208333,13940,4080,0,99.2
0,base,sales_only,24,CHICKEN-B,124,0,46,46,0,0,0,78,47,39.48,18860,5520,0,62.400000000000006
0,base,sales_only,25,CHICKEN-B,78,47,47,47,0,0,0,78,49,39.769231,19270,5640,0,62.400000000000006
0,base,sales_only,26,CHICKEN-B,78,82,48,48,0,0,0,112,49,40.074074,19680,5760,0,89.60000000000001
0,base,sales_only,27,CHICKEN-B,112,49,63,63,0,0,0,98,66,40.892857,25830,7560,0,78.4
0,base,sales_only,28,CHICKEN-B,98,66,37,37,0,0,0,127,36,40.678571,15170,4440,0,101.60000000000001
0,base,sales_only,29,CHICKEN-B,127,0,43,43,0,0,0,84,45,41.107143,17630,5160,0,67.2
0,base,sales_only,30,CHICKEN-B,84,0,38,38,0,0,0,46,37,40.785714,15580,4560,0,36.800000000000004
0,base,sales_only,31,CHICKEN-B,46,73,62,62,0,0,0,57,61,40.571429,25420,7440,0,45.6
0,base,sales_only,32,CHICKEN-B,57,106,27,27,0,0,0,136,26,40.357143,11070,3240,0,108.80000000000001
0,base,sales_only,33,CHICKEN-B,136,0,46,46,0,0,0,90,44,39.857143,18860,5520,0,72.0
0,base,sales_only,34,CHICKEN-B,90,44,37,37,0,0,0,97,38,40.25,15170,4440,0,77.60000000000001
0,base,sales_only,35,CHICKEN-B,97,64,31,31,0,0,0,130,27,39.035714,12710,3720,0,104.0
0,base,sales_only,36,CHICKEN-B,130,27,30,30,0,0,0,127,30,39.178571,12300,3600,0,101.60000000000001
0,base,sales_only,37,CHICKEN-B,127,30,32,32,0,0,0,125,34,39.75,13120,3840,0,100.0
0,base,sales_only,38,CHICKEN-B,125,34,32,32,0,0,0,127,34,40.035714,13120,3840,0,101.60000000000001
0,base,sales_only,39,CHICKEN-B,127,34,43,43,0,0,0,118,44,40.285714,17630,5160,0,94.4
0,base,sales_only,40,CHICKEN-B,118,44,38,38,0,0,0,124,35,39.75,15580,4560,0,99.2
0,base,sales_only,41,CHICKEN-B,124,35,23,23,0,0,0,136,21,39.178571,9430,2760,0,108.80000000000001
0,base,sales_only,42,CHICKEN-B,136,0,40,40,0,0,0,96,39,38.785714,16400,4800,0,76.80000000000001
0,base,sales_only,43,CHICKEN-B,96,0,25,25,0,0,0,71,20,37.75,10250,3000,0,56.800000000000004
0,base,sales_only,44,CHICKEN-B,71,41,35,35,0,0,0,77,37,38.25,14350,4200,0,61.6
0,base,sales_only,45,CHICKEN-B,77,76,35,35,0,0,1,117,40,39.178571,14350,4200,290,93.60000000000001
0,base,sales_only,46,CHICKEN-B,117,40,40,40,0,0,0,117,37,38.5,16400,4800,0,93.60000000000001
0,base,sales_only,47,CHICKEN-B,117,37,61,61,0,0,0,93,65,39.5,25010,7320,0,74.4
0,base,sales_only,48,CHICKEN-B,93,65,30,30,0,0,0,128,29,39.25,12300,3600,0,102.4
0,base,sales_only,49,CHICKEN-B,128,29,21,21,0,0,0,136,18,38.321429,8610,2520,0,108.80000000000001
0,base,sales_only,50,CHICKEN-B,136,18,29,29,0,0,0,125,29,38.321429,11890,3480,0,100.0
0,base,sales_only,51,CHICKEN-B,125,29,40,40,0,0,0,114,41,38.535714,16400,4800,0,91.2
0,base,sales_only,52,CHICKEN-B,114,41,62,62,0,0,0,93,64,39.107143,25420,7440,0,74.4
0,base,sales_only,53,CHICKEN-B,93,64,66,66,0,0,0,91,69,39.785714,27060,7920,0,72.8
0,base,sales_only,54,CHICKEN-B,91,69,53,53,0,0,0,107,53,39.964286,21730,6360,0,85.60000000000001
0,base,sales_only,55,CHICKEN-B,107,53,52,52,0,0,0,108,51,39.571429,21320,6240,0,86.4
0,base,sales_only,56,CHICKEN-B,108,51,40,40,0,0,0,119,40,39.678571,16400,4800,0,95.2
0,base,sales_only,57,CHICKEN-B,119,40,33,33,0,0,0,126,32,39.321429,13530,3960,0,100.80000000000001
0,base,sales_only,58,CHICKEN-B,126,32,42,42,0,0,0,116,42,39.464286,17220,5040,0,92.80000000000001
0,base,sales_only,59,CHICKEN-B,116,42,66,66,0,0,0,92,67,39.607143,27060,7920,0,73.60000000000001
0,base,sales_only,60,CHICKEN-B,92,0,36,36,0,0,0,56,37,39.928571,14760,4320,0,44.800000000000004
0,base,sales_only,61,CHICKEN-B,56,37,51,51,0,0,0,42,52,40.107143,20910,6120,0,33.6
0,base,sales_only,62,CHICKEN-B,42,119,39,39,0,0,0,122,39,40.178571,15990,4680,0,97.60000000000001
0,base,sales_only,63,CHICKEN-B,122,39,45,45,0,0,0,116,47,40.678571,18450,5400,0,92.80000000000001
0,base,sales_only,64,CHICKEN-B,116,0,51,51,0,0,0,65,54,41.428571,20910,6120,0,52.0
0,base,sales_only,65,CHICKEN-B,65,54,32,32,0,0,0,87,32,41.428571,13120,3840,0,69.60000000000001
0,base,sales_only,66,CHICKEN-B,87,79,65,65,0,0,0,101,70,42.607143,26650,7800,0,80.80000000000001
0,base,sales_only,67,CHICKEN-B,101,70,21,21,0,0,0,150,18,41.821429,8610,2520,0,120.0
0,base,sales_only,68,CHICKEN-B,150,18,35,35,0,0,0,133,34,41.714286,14350,4200,0,106.4
0,base,sales_only,69,CHICKEN-B,133,0,25,25,0,0,0,108,26,41.785714,10250,3000,0,86.4
0,base,sales_only,70,CHICKEN-B,108,26,21,21,0,0,0,113,18,41.107143,8610,2520,0,90.4
0,base,sales_only,71,CHICKEN-B,113,52,63,63,0,0,0,102,68,42.464286,25830,7560,0,81.60000000000001
0,base,sales_only,72,CHICKEN-B,102,68,40,40,0,0,6,124,47,42.642857,16400,4800,1740,99.2
0,base,sales_only,73,CHICKEN-B,124,47,20,20,0,0,0,151,18,42.107143,8200,2400,0,120.80000000000001
0,base,sales_only,74,CHICKEN-B,151,18,58,58,0,0,0,111,60,42.75,23780,6960,0,88.80000000000001
0,base,sales_only,75,CHICKEN-B,111,60,27,27,0,0,0,144,23,41.535714,11070,3240,0,115.2
0,base,sales_only,76,CHICKEN-B,144,23,15,15,0,0,0,152,12,41,6150,1800,0,121.60000000000001
0,base,sales_only,77,CHICKEN-B,152,0,20,20,0,0,4,128,24,40.964286,8200,2400,1160,102.4
0,base,sales_only,78,CHICKEN-B,128,24,38,38,0,0,27,87,67,41.285714,15580,4560,7830,69.60000000000001
0,base,sales_only,79,CHICKEN-B,87,79,47,47,0,0,0,119,48,41.535714,19270,5640,0,95.2
0,base,sales_only,80,CHICKEN-B,119,48,20,20,0,0,0,147,14,40.035714,8200,2400,0,117.60000000000001
0,base,sales_only,81,CHICKEN-B,147,14,37,37,0,0,0,124,32,39,15170,4440,0,99.2
0,base,sales_only,82,CHICKEN-B,124,0,62,62,0,0,0,62,64,39.321429,25420,7440,0,49.6
0,base,sales_only,83,CHICKEN-B,62,64,25,25,0,0,0,101,21,38.357143,10250,3000,0,80.80000000000001
0,base,sales_only,84,CHICKEN-B,101,53,32,32,0,0,0,122,31,38.071429,13120,3840,0,97.60000000000001
0,base,sales_only,85,CHICKEN-B,122,0,29,29,0,0,0,93,28,37.928571,11890,3480,0,74.4
0,base,sales_only,86,CHICKEN-B,93,28,28,28,0,0,0,93,26,37.428571,11480,3360,0,74.4
0,base,sales_only,87,CHICKEN-B,93,57,56,56,0,0,0,94,55,37.071429,22960,6720,0,75.2
0,base,sales_only,88,CHICKEN-B,94,55,38,38,0,0,0,111,38,37.142857,15580,4560,0,88.80000000000001
0,base,sales_only,89,CHICKEN-B,111,38,47,47,0,0,0,102,46,37,19270,5640,0,81.60000000000001
0,base,sales_only,90,CHICKEN-B,102,46,20,20,0,0,0,128,18,36.321429,8200,2400,0,102.4
0,base,sales_only,91,CHICKEN-B,128,0,73,73,0,0,0,55,77,37.321429,29930,8760,0,44.0
0,base,sales_only,92,CHICKEN-B,55,77,50,50,0,0,0,82,50,37.285714,20500,6000,0,65.60000000000001
0,base,sales_only,93,CHICKEN-B,82,18,25,25,0,0,0,75,24,37.035714,10250,3000,0,60.0
0,base,sales_only,94,CHICKEN-B,75,24,43,43,0,0,0,56,39,36.25,17630,5160,0,44.800000000000004
0,base,sales_only,95,CHICKEN-B,56,89,42,42,0,0,0,103,45,37,17220,5040,0,82.4
0,base,sales_only,96,CHICKEN-B,103,45,35,35,0,0,0,113,35,37,14350,4200,0,90.4
0,base,sales_only,97,CHICKEN-B,113,35,21,21,0,0,0,127,21,36.857143,8610,2520,0,101.60000000000001
0,base,sales_only,98,CHICKEN-B,127,21,35,35,0,0,0,113,37,37.357143,14350,4200,0,90.4
0,base,sales_only,99,CHICKEN-B,113,0,20,20,0,0,0,93,14,35.821429,8200,2400,0,74.4
0,base,sales_only,100,CHICKEN-B,93,14,41,41,0,0,0,66,41,35.857143,16810,4920,0,52.800000000000004
0,base,sales_only,101,CHICKEN-B,66,78,37,37,0,0,0,107,39,36.464286,15170,4440,0,85.60000000000001
0,base,sales_only,102,CHICKEN-B,107,39,28,28,0,0,0,118,24,35.392857,11480,3360,0,94.4
0,base,sales_only,103,CHICKEN-B,118,24,74,74,0,0,0,68,81,37.071429,30340,8880,0,54.400000000000006
0,base,sales_only,104,CHICKEN-B,68,81,26,26,0,0,0,123,27,37.464286,10660,3120,0,98.4
0,base,sales_only,105,CHICKEN-B,123,27,47,47,0,0,0,103,51,38.428571,19270,5640,0,82.4
0,base,sales_only,106,CHICKEN-B,103,51,30,30,0,0,0,124,29,38.142857,12300,3600,0,99.2
0,base,sales_only,107,CHICKEN-B,124,29,48,48,0,0,0,105,48,38.178571,19680,5760,0,84.0
0,base,sales_only,108,CHICKEN-B,105,48,42,42,0,0,0,111,45,38.964286,17220,5040,0,88.80000000000001
0,base,sales_only,109,CHICKEN-B,111,45,31,31,0,0,0,125,30,38.75,12710,3720,0,100.0
0,base,sales_only,110,CHICKEN-B,125,30,45,45,0,0,0,110,43,38.142857,18450,5400,0,88.0
0,base,sales_only,111,CHICKEN-B,110,43,12,12,0,0,0,141,10,37.678571,4920,1440,0,112.80000000000001
0,base,sales_only,112,CHICKEN-B,141,10,15,15,0,0,0,136,13,37.071429,6150,1800,0,108.80000000000001
0,base,sales_only,113,CHICKEN-B,136,13,39,39,0,0,8,102,48,37.428571,15990,4680,2320,81.60000000000001
0,base,sales_only,114,CHICKEN-B,102,0,51,51,0,0,6,45,60,38.25,20910,6120,1740,36.0
0,base,sales_only,115,CHICKEN-B,45,60,31,31,0,0,0,74,28,37.357143,12710,3720,0,59.2
0,base,sales_only,116,CHICKEN-B,74,76,68,68,0,0,0,82,72,38.428571,27880,8160,0,65.60000000000001
0,base,sales_only,117,CHICKEN-B,82,72,72,72,0,0,0,82,76,39.321429,29520,8640,0,65.60000000000001
0,base,sales_only,118,CHICKEN-B,82,76,30,30,0,0,0,128,31,39.678571,12300,3600,0,102.4
0,base,sales_only,119,CHICKEN-B,128,31,19,19,0,0,0,140,11,37.75,7790,2280,0,112.0
0,base,sales_only,120,CHICKEN-B,140,11,48,48,0,0,0,103,48,37.678571,19680,5760,0,82.4
0,base,sales_only,121,CHICKEN-B,103,48,47,47,0,0,0,104,50,38.464286,19270,5640,0,83.2
0,base,sales_only,122,CHICKEN-B,104,50,38,38,0,0,0,116,38,38.285714,15580,4560,0,92.80000000000001
0,base,sales_only,123,CHICKEN-B,116,38,59,59,0,0,0,95,61,38.892857,24190,7080,0,76.0
0,base,sales_only,124,CHICKEN-B,95,61,59,59,0,0,0,97,62,39.75,24190,7080,0,77.60000000000001
0,base,sales_only,125,CHICKEN-B,97,62,53,53,0,0,0,106,58,40.892857,21730,6360,0,84.80000000000001
0,base,sales_only,126,CHICKEN-B,106,58,48,48,0,0,0,116,50,41.357143,19680,5760,0,92.80000000000001
0,base,sales_only,127,CHICKEN-B,116,50,62,62,0,0,0,104,68,42.857143,25420,7440,0,83.2
0,base,sales_only,128,CHICKEN-B,104,68,38,38,0,0,0,134,37,42.75,15580,4560,0,107.2
0,base,sales_only,129,CHICKEN-B,134,37,54,54,0,0,0,117,57,43.357143,22140,6480,0,93.60000000000001
0,base,sales_only,130,CHICKEN-B,117,57,49,49,0,0,0,125,52,44.107143,20090,5880,0,100.0
0,base,sales_only,131,CHICKEN-B,125,52,101,101,0,0,0,76,105,45.071429,41410,12120,0,60.800000000000004
0,base,sales_only,132,CHICKEN-B,76,105,20,20,0,0,0,161,19,44.857143,8200,2400,0,128.8
0,base,sales_only,133,CHICKEN-B,161,19,26,26,0,0,0,154,23,44.107143,10660,3120,0,123.2
0,base,sales_only,134,CHICKEN-B,154,23,39,39,0,0,0,138,40,44.428571,15990,4680,0,110.4
0,base,sales_only,135,CHICKEN-B,138,40,72,72,0,0,0,106,76,45.285714,29520,8640,0,84.80000000000001
0,base,sales_only,136,CHICKEN-B,106,76,22,22,0,0,0,160,19,44.571429,9020,2640,0,128.0
0,base,sales_only,137,CHICKEN-B,160,19,54,54,0,0,2,123,59,45.392857,22140,6480,580,98.4
0,base,sales_only,138,CHICKEN-B,123,59,41,41,0,0,0,141,40,45.25,16810,4920,0,112.80000000000001
0,base,sales_only,139,CHICKEN-B,141,0,32,32,0,0,0,109,35,45.964286,13120,3840,0,87.2
0,base,sales_only,140,CHICKEN-B,109,35,32,32,0,0,0,112,35,46.571429,13120,3840,0,89.60000000000001
0,base,sales_only,141,CHICKEN-B,112,75,47,47,0,0,0,140,48,46.857143,19270,5640,0,112.0
0,base,sales_only,142,CHICKEN-B,140,48,33,33,0,0,0,155,30,46.214286,13530,3960,0,124.0
0,base,sales_only,143,CHICKEN-B,155,30,52,52,0,0,0,133,55,46.964286,21320,6240,0,106.4
0,base,sales_only,144,CHICKEN-B,133,55,62,62,0,0,0,126,61,46.75,25420,7440,0,100.80000000000001
0,base,sales_only,145,CHICKEN-B,126,0,84,84,0,0,0,42,86,47.178571,34440,10080,0,33.6
0,base,sales_only,146,CHICKEN-B,42,86,17,17,0,0,0,111,15,46.714286,6970,2040,0,88.80000000000001
0,base,sales_only,147,CHICKEN-B,111,76,68,68,0,0,0,119,75,48.464286,27880,8160,0,95.2
0,base,sales_only,148,CHICKEN-B,119,75,26,26,0,0,0,168,23,47.678571,10660,3120,0,134.4
0,base,sales_only,149,CHICKEN-B,168,23,39,39,0,0,0,152,38,47.392857,15990,4680,0,121.60000000000001
0,base,sales_only,150,CHICKEN-B,152,38,52,52,0,0,0,138,54,47.892857,21320,6240,0,110.4
0,base,sales_only,151,CHICKEN-B,138,0,65,65,0,0,0,73,66,48.107143,26650,7800,0,58.400000000000006
0,base,sales_only,152,CHICKEN-B,73,66,40,40,0,0,0,99,37,47.428571,16400,4800,0,79.2
0,base,sales_only,153,CHICKEN-B,99,91,61,61,0,0,0,129,62,47.714286,25010,7320,0,103.2
0,base,sales_only,154,CHICKEN-B,129,62,49,49,0,0,0,142,49,47.75,20090,5880,0,113.60000000000001
0,base,sales_only,155,CHICKEN-B,142,0,39,39,0,0,0,103,36,46.928571,15990,4680,0,82.4
0,base,sales_only,156,CHICKEN-B,103,36,45,45,0,0,0,94,46,47.178571,18450,5400,0,75.2
0,base,sales_only,157,CHICKEN-B,94,95,44,44,0,0,0,145,43,46.821429,18040,5280,0,116.0
0,base,sales_only,158,CHICKEN-B,145,43,38,38,0,0,0,150,36,46.428571,15580,4560,0,120.0
0,base,sales_only,159,CHICKEN-B,150,36,70,70,0,0,0,116,66,45.321429,28700,8400,0,92.80000000000001
0,base,sales_only,160,CHICKEN-B,116,66,27,27,0,0,0,155,28,45.571429,11070,3240,0,124.0
0,base,sales_only,161,CHICKEN-B,155,28,57,57,0,0,0,126,61,46.678571,23370,6840,0,100.80000000000001
0,base,sales_only,162,CHICKEN-B,126,61,42,42,0,0,0,145,43,46.785714,17220,5040,0,116.0
0,base,sales_only,163,CHICKEN-B,145,43,50,50,0,0,0,138,46,46,20500,6000,0,110.4
0,base,sales_only,164,CHICKEN-B,138,46,56,56,0,0,0,128,61,47.214286,22960,6720,0,102.4
0,base,sales_only,165,CHICKEN-B,128,61,92,92,0,0,0,97,98,48.571429,37720,11040,0,77.60000000000001
0,base,sales_only,166,CHICKEN-B,97,98,175,175,0,0,0,20,194,53.357143,71750,21000,0,16.0
0,base,sales_only,167,CHICKEN-B,20,194,29,29,0,0,0,185,28,53.25,11890,3480,0,148.0
0,base,sales_only,168,CHICKEN-B,185,28,35,35,0,0,0,178,36,53.357143,14350,4200,0,142.4
0,base,sales_only,169,CHICKEN-B,178,36,34,34,0,0,0,180,32,52.892857,13940,4080,0,144.0
0,base,sales_only,170,CHICKEN-B,180,32,69,69,0,0,0,143,74,54.178571,28290,8280,0,114.4
0,base,sales_only,171,CHICKEN-B,143,74,61,61,0,0,0,156,62,54.5,25010,7320,0,124.80000000000001
0,base,sales_only,172,CHICKEN-B,156,62,130,130,0,0,0,88,140,56.928571,53300,15600,0,70.4
0,base,sales_only,173,CHICKEN-B,88,140,39,39,0,0,0,189,33,55.321429,15990,4680,0,151.20000000000002
0,base,sales_only,174,CHICKEN-B,189,33,58,58,0,0,0,164,64,56.785714,23780,6960,0,131.20000000000002
0,base,sales_only,175,CHICKEN-B,164,64,31,31,0,0,0,197,25,55.464286,12710,3720,0,157.60000000000002
0,base,sales_only,176,CHICKEN-B,197,25,48,48,0,0,0,174,51,56.25,19680,5760,0,139.20000000000002
0,base,sales_only,177,CHICKEN-B,174,51,51,51,0,0,0,174,53,56.678571,20910,6120,0,139.20000000000002
0,base,sales_only,178,CHICKEN-B,174,53,43,43,0,0,1,183,43,56.357143,17630,5160,290,146.4
0,base,sales_only,179,CHICKEN-B,183,43,44,44,0,0,0,182,41,55.607143,18040,5280,0,145.6
0,base,sales_only,180,CHICKEN-B,182,41,78,78,0,0,10,135,93,56.964286,31980,9360,2900,108.0
0,base,sales_only,181,CHICKEN-B,135,93,31,31,0,0,0,197,27,55.892857,12710,3720,0,157.60000000000002
0,base,sales_only,182,CHICKEN-B,197,27,32,32,0,0,0,192,30,55.285714,13120,3840,0,153.60000000000002
0,base,sales_only,183,CHICKEN-B,192,0,32,32,0,0,0,160,31,55.035714,13120,3840,0,128.0
0,base,sales_only,184,CHICKEN-B,160,0,55,55,0,0,0,105,56,55.392857,22550,6600,0,84.0
0,base,sales_only,185,CHICKEN-B,105,86,29,29,0,0,0,162,27,54.857143,11890,3480,0,129.6
0,base,sales_only,186,CHICKEN-B,162,58,100,100,0,0,49,71,158,57.071429,41000,12000,14210,56.800000000000004
0,base,sales_only,187,CHICKEN-B,71,158,57,57,0,0,0,172,55,56.607143,23370,6840,0,137.6
0,base,sales_only,188,CHICKEN-B,172,55,24,24,0,0,0,203,23,56.5,9840,2880,0,162.4
0,base,sales_only,189,CHICKEN-B,203,23,37,37,0,0,0,189,35,55.785714,15170,4440,0,151.20000000000002
0,base,sales_only,190,CHICKEN-B,189,35,58,58,0,0,0,166,60,56.357143,23780,6960,0,132.8
0,base,sales_only,191,CHICKEN-B,166,60,80,80,0,0,0,146,84,57.428571,32800,9600,0,116.80000000000001
0,base,sales_only,192,CHICKEN-B,146,84,39,39,0,0,0,191,37,56.821429,15990,4680,0,152.8
0,base,sales_only,193,CHICKEN-B,191,37,34,34,0,0,0,194,25,54.75,13940,4080,0,155.20000000000002
0,base,sales_only,194,CHICKEN-B,194,25,142,142,0,0,0,77,138,53.571429,58220,17040,0,61.6
0,base,sales_only,195,CHICKEN-B,77,0,45,45,0,0,0,32,47,54.142857,18450,5400,0,25.6
0,base,sales_only,196,CHICKEN-B,32,47,43,43,0,0,0,36,44,54.428571,17630,5160,0,28.8
0,base,sales_only,197,CHICKEN-B,36,138,35,35,0,0,0,139,35,54.464286,14350,4200,0,111.2
0,base,sales_only,198,CHICKEN-B,139,35,42,42,0,0,0,132,38,53.5,17220,5040,0,105.60000000000001
0,base,sales_only,199,CHICKEN-B,132,82,30,30,0,0,0,184,26,52.392857,12300,3600,0,147.20000000000002
0,base,sales_only,200,CHICKEN-B,184,0,49,49,0,0,0,135,37,49.5,20090,5880,0,108.0
0,base,sales_only,201,CHICKEN-B,135,37,49,49,0,0,0,123,51,49.857143,20090,5880,0,98.4
0,base,sales_only,202,CHICKEN-B,123,77,66,66,0,0,0,134,67,50.142857,27060,7920,0,107.2
0,base,sales_only,203,CHICKEN-B,134,0,31,31,0,0,0,103,31,50.142857,12710,3720,0,82.4
0,base,sales_only,204,CHICKEN-B,103,0,51,51,0,0,0,52,51,50.25,20910,6120,0,41.6
0,base,sales_only,205,CHICKEN-B,52,118,46,46,0,0,0,124,46,50.071429,18860,5520,0,99.2
0,base,sales_only,206,CHICKEN-B,124,77,59,59,0,0,0,142,61,50.642857,24190,7080,0,113.60000000000001
0,base,sales_only,207,CHICKEN-B,142,61,55,55,0,0,0,148,57,51.035714,22550,6600,0,118.4
0,base,sales_only,208,CHICKEN-B,148,0,86,86,0,0,0,62,87,51.321429,35260,10320,0,49.6
0,base,sales_only,209,CHICKEN-B,62,87,36,36,0,0,0,113,36,51.5,14760,4320,0,90.4
0,base,sales_only,210,CHICKEN-B,113,93,66,66,0,0,0,140,71,52.714286,27060,7920,0,112.0
0,base,sales_only,211,CHICKEN-B,140,71,35,35,0,0,0,176,36,52.821429,14350,4200,0,140.8
0,base,sales_only,212,CHICKEN-B,176,36,36,36,0,0,0,176,33,52.142857,14760,4320,0,140.8
0,base,sales_only,213,CHICKEN-B,176,33,44,44,0,0,0,165,46,52.678571,18040,5280,0,132.0
0,base,sales_only,214,CHICKEN-B,165,46,84,84,0,0,0,127,82,52.107143,34440,10080,0,101.60000000000001
0,base,sales_only,215,CHICKEN-B,127,82,93,93,0,0,0,116,98,53.392857,38130,11160,0,92.80000000000001
0,base,sales_only,216,CHICKEN-B,116,98,49,49,0,0,0,165,53,54.285714,20090,5880,0,132.0
0,base,sales_only,217,CHICKEN-B,165,53,21,21,0,0,0,197,18,53.714286,8610,2520,0,157.60000000000002
0,base,sales_only,218,CHICKEN-B,197,18,32,32,0,0,0,183,29,52.785714,13120,3840,0,146.4
0,base,sales_only,219,CHICKEN-B,183,29,49,49,0,0,0,163,44,51.678571,20090,5880,0,130.4
0,base,sales_only,220,CHICKEN-B,163,44,40,40,0,0,0,167,40,51.714286,16400,4800,0,133.6
0,base,sales_only,221,CHICKEN-B,167,40,60,60,0,0,23,124,87,52.642857,24600,7200,6670,99.2
0,base,sales_only,222,CHICKEN-B,124,87,66,66,0,0,0,145,55,49.928571,27060,7920,0,116.0
0,base,sales_only,223,CHICKEN-B,145,55,53,53,0,0,0,147,54,50.214286,21730,6360,0,117.60000000000001
0,base,sales_only,224,CHICKEN-B,147,54,48,48,0,0,0,153,49,50.392857,19680,5760,0,122.4
0,base,sales_only,225,CHICKEN-B,153,0,32,32,0,0,0,121,32,50.285714,13120,3840,0,96.80000000000001
0,base,sales_only,226,CHICKEN-B,121,32,62,62,0,0,0,91,64,51,25420,7440,0,72.8
0,base,sales_only,227,CHICKEN-B,91,113,41,41,0,0,0,163,43,51.392857,16810,4920,0,130.4
0,base,sales_only,228,CHICKEN-B,163,43,52,52,0,0,0,154,52,51.5,21320,6240,0,123.2
0,base,sales_only,229,CHICKEN-B,154,52,52,52,0,0,0,154,53,51.607143,21320,6240,0,123.2
0,base,sales_only,230,CHICKEN-B,154,53,44,44,0,0,0,163,41,50.821429,18040,5280,0,130.4
0,base,sales_only,231,CHICKEN-B,163,41,31,31,0,0,0,173,31,50.821429,12710,3720,0,138.4
0,base,sales_only,232,CHICKEN-B,173,31,36,36,0,0,0,168,34,50.285714,14760,4320,0,134.4
0,base,sales_only,233,CHICKEN-B,168,34,42,42,0,0,0,160,41,50.142857,17220,5040,0,128.0
0,base,sales_only,234,CHICKEN-B,160,0,28,28,0,0,1,131,25,49.035714,11480,3360,290,104.80000000000001
0,base,sales_only,235,CHICKEN-B,131,25,54,54,0,0,25,77,78,49,22140,6480,7250,61.6
0,base,sales_only,236,CHICKEN-B,77,119,157,157,0,0,0,39,168,51.535714,64370,18840,0,31.200000000000003
0,base,sales_only,237,CHICKEN-B,39,0,47,39,8,0,0,0,39,51.642857,15990,4680,0,0.0
0,base,sales_only,238,CHICKEN-B,0,39,42,39,3,0,0,0,35,50.678571,15990,4680,0,0.0
0,base,sales_only,239,CHICKEN-B,0,203,66,66,0,0,0,137,71,51.785714,27060,7920,0,109.60000000000001
0,base,sales_only,0,SAUSAGE-C,60,0,25,25,0,0,0,35,65,25,11250,3500,0,28.0
0,base,sales_only,1,SAUSAGE-C,35,65,38,38,0,0,0,62,64,31.5,17100,5320,0,49.6
0,base,sales_only,2,SAUSAGE-C,62,64,10,10,0,0,0,116,0,24.333333,4500,1400,0,92.80000000000001
0,base,sales_only,3,SAUSAGE-C,116,0,11,11,0,0,0,105,0,21,4950,1540,0,84.0
0,base,sales_only,4,SAUSAGE-C,105,0,25,25,0,0,0,80,8,21.8,11250,3500,0,64.0
0,base,sales_only,5,SAUSAGE-C,80,8,27,27,0,0,0,61,30,22.666667,12150,3780,0,48.800000000000004
0,base,sales_only,6,SAUSAGE-C,61,30,16,16,0,0,0,75,12,21.714286,7200,2240,0,60.0
0,base,sales_only,7,SAUSAGE-C,75,12,10,10,0,0,0,77,4,20.25,4500,1400,0,61.6
0,base,sales_only,8,SAUSAGE-C,77,4,19,19,0,0,0,62,19,20.111111,8550,2660,0,49.6
0,base,sales_only,9,SAUSAGE-C,62,19,11,11,0,0,0,70,7,19.2,4950,1540,0,56.0
0,base,sales_only,10,SAUSAGE-C,70,7,19,19,0,0,0,58,19,19.181818,8550,2660,0,46.400000000000006
0,base,sales_only,11,SAUSAGE-C,58,19,16,16,0,0,0,61,15,18.916667,7200,2240,0,48.800000000000004
0,base,sales_only,12,SAUSAGE-C,61,0,16,16,0,0,0,45,15,18.692308,7200,2240,0,36.0
0,base,sales_only,13,SAUSAGE-C,45,0,16,16,0,0,0,29,15,18.5,7200,2240,0,23.200000000000003
0,base,sales_only,14,SAUSAGE-C,29,30,16,16,0,0,0,43,16,18.333333,7200,2240,0,34.4
0,base,sales_only,15,SAUSAGE-C,43,31,13,13,0,0,0,61,11,18,5850,1820,0,48.800000000000004
0,base,sales_only,16,SAUSAGE-C,61,0,21,21,0,0,0,40,22,18.176471,9450,2940,0,32.0
0,base,sales_only,17,SAUSAGE-C,40,22,26,26,0,0,0,36,28,18.611111,11700,3640,0,28.8
0,base,sales_only,18,SAUSAGE-C,36,39,10,10,0,0,0,65,8,18.157895,4500,1400,0,52.0
0,base,sales_only,19,SAUSAGE-C,65,0,17,17,0,0,0,48,17,18.1,7650,2380,0,38.400000000000006
0,base,sales_only,20,SAUSAGE-C,48,17,21,21,0,0,0,44,21,18.238095,9450,2940,0,35.2
0,base,sales_only,21,SAUSAGE-C,44,29,28,28,0,0,0,45,30,18.681818,12600,3920,0,36.0
0,base,sales_only,22,SAUSAGE-C,45,30,9,9,0,0,0,66,8,18.26087,4050,1260,0,52.800000000000004
0,base,sales_only,23,SAUSAGE-C,66,8,21,21,0,0,0,53,21,18.375,9450,2940,0,42.400000000000006
0,base,sales_only,24,SAUSAGE-C,53,21,19,19,0,0,0,55,19,18.4,8550,2660,0,44.0
0,base,sales_only,25,SAUSAGE-C,55,19,14,14,0,0,0,60,13,18.230769,6300,1960,0,48.0
0,base,sales_only,26,SAUSAGE-C,60,13,30,30,0,0,0,43,32,18.666667,13500,4200,0,34.4
0,base,sales_only,27,SAUSAGE-C,43,32,19,19,0,0,0,56,19,18.678571,8550,2660,0,44.800000000000004
0,base,sales_only,28,SAUSAGE-C,56,0,12,12,0,0,0,44,10,18.214286,5400,1680,0,35.2
0,base,sales_only,29,SAUSAGE-C,44,10,27,27,0,0,0,27,26,17.821429,12150,3780,0,21.6
0,base,sales_only,30,SAUSAGE-C,27,45,14,14,0,0,0,58,14,17.964286,6300,1960,0,46.400000000000006
0,base,sales_only,31,SAUSAGE-C,58,14,29,29,0,0,0,43,32,18.607143,13050,4060,0,34.4
0,base,sales_only,32,SAUSAGE-C,43,32,15,15,0,0,0,60,13,18.25,6750,2100,0,48.0
0,base,sales_only,33,SAUSAGE-C,60,13,20,20,0,0,0,53,19,18,9000,2800,0,42.400000000000006
0,base,sales_only,34,SAUSAGE-C,53,19,16,16,0,0,0,56,16,18,7200,2240,0,44.800000000000004
0,base,sales_only,35,SAUSAGE-C,56,16,21,21,0,0,0,51,23,18.392857,9450,2940,0,40.800000000000004
0,base,sales_only,36,SAUSAGE-C,51,23,19,19,0,0,0,55,19,18.392857,8550,2660,0,44.0
0,base,sales_only,37,SAUSAGE-C,55,0,25,25,0,0,0,30,27,18.892857,11250,3500,0,24.0
0,base,sales_only,38,SAUSAGE-C,30,0,24,24,0,0,0,6,25,19.071429,10800,3360,0,4.800000000000001
0,base,sales_only,39,SAUSAGE-C,6,44,19,19,0,0,0,31,19,19.178571,8550,2660,0,24.8
0,base,sales_only,40,SAUSAGE-C,31,27,24,24,0,0,0,34,25,19.464286,10800,3360,0,27.200000000000003
0,base,sales_only,41,SAUSAGE-C,34,25,17,17,0,0,0,42,17,19.5,7650,2380,0,33.6
0,base,sales_only,42,SAUSAGE-C,42,36,14,14,0,0,0,64,14,19.428571,6300,1960,0,51.2
0,base,sales_only,43,SAUSAGE-C,64,0,17,17,0,0,0,47,18,19.571429,7650,2380,0,37.6
0,base,sales_only,44,SAUSAGE-C,47,18,33,33,0,0,0,32,34,20,14850,4620,0,25.6
0,base,sales_only,45,SAUSAGE-C,32,48,33,33,0,0,0,47,34,20.25,14850,4620,0,37.6
0,base,sales_only,46,SAUSAGE-C,47,34,45,45,0,0,0,36,50,21.5,20250,6300,0,28.8
0,base,sales_only,47,SAUSAGE-C,36,50,23,23,0,0,0,63,24,21.714286,10350,3220,0,50.400000000000006
0,base,sales_only,48,SAUSAGE-C,63,24,19,19,0,0,0,68,19,21.642857,8550,2660,0,54.400000000000006
0,base,sales_only,49,SAUSAGE-C,68,19,28,28,0,0,0,59,28,21.642857,12600,3920,0,47.2
0,base,sales_only,50,SAUSAGE-C,59,28,22,22,0,0,0,65,24,22.107143,9900,3080,0,52.0
0,base,sales_only,51,SAUSAGE-C,65,24,19,19,0,0,0,70,19,22.035714,8550,2660,0,56.0
0,base,sales_only,52,SAUSAGE-C,70,19,17,17,0,0,0,72,16,21.964286,7650,2380,0,57.6
0,base,sales_only,53,SAUSAGE-C,72,16,35,35,0,0,0,53,38,22.714286,15750,4900,0,42.400000000000006
0,base,sales_only,54,SAUSAGE-C,53,0,37,37,0,0,0,16,38,22.964286,16650,5180,0,12.8
0,base,sales_only,55,SAUSAGE-C,16,38,14,14,0,0,0,40,14,22.785714,6300,1960,0,32.0
0,base,sales_only,56,SAUSAGE-C,40,52,15,15,0,0,0,77,15,22.892857,6750,2100,0,61.6
0,base,sales_only,57,SAUSAGE-C,77,15,21,21,0,0,0,71,20,22.678571,9450,2940,0,56.800000000000004
0,base,sales_only,58,SAUSAGE-C,71,20,19,19,0,0,0,72,20,22.857143,8550,2660,0,57.6
0,base,sales_only,59,SAUSAGE-C,72,20,9,9,0,0,0,83,6,22.142857,4050,1260,0,66.4
0,base,sales_only,60,SAUSAGE-C,83,0,18,18,0,0,0,65,18,22.25,8100,2520,0,52.0
0,base,sales_only,61,SAUSAGE-C,65,18,22,22,0,0,0,61,23,22.321429,9900,3080,0,48.800000000000004
0,base,sales_only,62,SAUSAGE-C,61,6,11,11,0,0,0,56,10,22.142857,4950,1540,0,44.800000000000004
0,base,sales_only,63,SAUSAGE-C,56,10,15,15,0,0,0,51,14,21.928571,6750,2100,0,40.800000000000004
0,base,sales_only,64,SAUSAGE-C,51,37,23,23,0,0,0,65,24,22.071429,10350,3220,0,52.0
0,base,sales_only,65,SAUSAGE-C,65,24,12,12,0,0,0,77,10,21.607143,5400,1680,0,61.6
0,base,sales_only,66,SAUSAGE-C,77,0,33,33,0,0,0,44,34,21.928571,14850,4620,0,35.2
0,base,sales_only,67,SAUSAGE-C,44,34,22,22,0,0,0,56,23,22.035714,9900,3080,0,44.800000000000004
0,base,sales_only,68,SAUSAGE-C,56,10,22,22,0,0,0,44,21,21.964286,9900,3080,0,35.2
0,base,sales_only,69,SAUSAGE-C,44,21,12,12,0,0,0,53,12,21.785714,5400,1680,0,42.400000000000006
0,base,sales_only,70,SAUSAGE-C,53,35,13,13,0,0,0,75,12,21.75,5850,1820,0,60.0
0,base,sales_only,71,SAUSAGE-C,75,12,17,17,0,0,0,70,17,21.75,7650,2380,0,56.0
0,base,sales_only,72,SAUSAGE-C,70,0,8,8,0,0,0,62,5,20.857143,3600,1120,0,49.6
0,base,sales_only,73,SAUSAGE-C,62,5,19,19,0,0,0,48,17,20.357143,8550,2660,0,38.400000000000006
0,base,sales_only,74,SAUSAGE-C,48,34,30,30,0,0,0,52,28,19.821429,13500,4200,0,41.6
0,base,sales_only,75,SAUSAGE-C,52,28,13,13,0,0,0,67,11,19.464286,5850,1820,0,53.6
0,base,sales_only,76,SAUSAGE-C,67,11,10,10,0,0,0,68,9,19.142857,4500,1400,0,54.400000000000006
0,base,sales_only,77,SAUSAGE-C,68,9,18,18,0,0,0,59,17,18.785714,8100,2520,0,47.2
0,base,sales_only,78,SAUSAGE-C,59,17,18,18,0,0,0,58,17,18.642857,8100,2520,0,46.400000000000006
0,base,sales_only,79,SAUSAGE-C,58,17,13,13,0,0,0,62,12,18.428571,5850,1820,0,49.6
0,base,sales_only,80,SAUSAGE-C,62,12,15,15,0,0,0,59,15,18.357143,6750,2100,0,47.2
0,base,sales_only,81,SAUSAGE-C,59,15,19,19,0,0,0,55,17,17.785714,8550,2660,0,44.0
0,base,sales_only,82,SAUSAGE-C,55,17,23,23,0,0,0,49,21,17.285714,10350,3220,0,39.2
0,base,sales_only,83,SAUSAGE-C,49,21,22,22,0,0,0,48,23,17.571429,9900,3080,0,38.400000000000006
0,base,sales_only,84,SAUSAGE-C,48,23,24,24,0,0,0,47,25,17.892857,10800,3360,0,37.6
0,base,sales_only,85,SAUSAGE-C,47,0,27,27,0,0,0,20,28,18.107143,12150,3780,0,16.0
0,base,sales_only,86,SAUSAGE-C,20,28,18,18,0,0,0,30,18,18.071429,8100,2520,0,24.0
0,base,sales_only,87,SAUSAGE-C,30,43,21,21,0,0,0,52,22,18.5,9450,2940,0,41.6
0,base,sales_only,88,SAUSAGE-C,52,22,14,14,0,0,0,60,14,18.357143,6300,1960,0,48.0
0,base,sales_only,89,SAUSAGE-C,60,14,19,19,0,0,0,55,18,18.25,8550,2660,0,44.0
0,base,sales_only,90,SAUSAGE-C,55,18,27,27,0,0,0,46,30,18.821429,12150,3780,0,36.800000000000004
0,base,sales_only,91,SAUSAGE-C,46,0,18,18,0,0,0,28,18,18.928571,8100,2520,0,22.400000000000002
0,base,sales_only,92,SAUSAGE-C,28,18,11,11,0,0,0,35,9,18.5,4950,1540,0,28.0
0,base,sales_only,93,SAUSAGE-C,35,39,24,24,0,0,0,50,26,18.928571,10800,3360,0,40.0
0,base,sales_only,94,SAUSAGE-C,50,26,37,37,0,0,0,39,38,19.071429,16650,5180,0,31.200000000000003
0,base,sales_only,95,SAUSAGE-C,39,38,45,45,0,0,0,32,48,19.892857,20250,6300,0,25.6
0,base,sales_only,96,SAUSAGE-C,32,48,22,22,0,0,0,58,22,19.892857,9900,3080,0,46.400000000000006
0,base,sales_only,97,SAUSAGE-C,58,22,11,11,0,0,0,69,11,19.857143,4950,1540,0,55.2
0,base,sales_only,98,SAUSAGE-C,69,11,17,17,0,0,0,63,17,20,7650,2380,0,50.400000000000006
0,base,sales_only,99,SAUSAGE-C,63,0,23,23,0,0,0,40,24,20.214286,10350,3220,0,32.0
0,base,sales_only,100,SAUSAGE-C,40,24,39,39,0,0,0,25,44,21.321429,17550,5460,0,20.0
0,base,sales_only,101,SAUSAGE-C,25,61,21,21,0,0,0,65,21,21.392857,9450,2940,0,52.0
0,base,sales_only,102,SAUSAGE-C,65,21,18,18,0,0,0,68,16,20.964286,8100,2520,0,54.400000000000006
0,base,sales_only,103,SAUSAGE-C,68,16,17,17,0,0,0,67,18,21.107143,7650,2380,0,53.6
0,base,sales_only,104,SAUSAGE-C,67,18,26,26,0,0,0,59,28,21.678571,11700,3640,0,47.2
0,base,sales_only,105,SAUSAGE-C,59,28,14,14,0,0,0,73,14,21.535714,6300,1960,0,58.400000000000006
0,base,sales_only,106,SAUSAGE-C,73,14,15,15,0,0,0,72,14,21.428571,6750,2100,0,57.6
0,base,sales_only,107,SAUSAGE-C,72,14,18,18,0,0,0,68,19,21.607143,8100,2520,0,54.400000000000006
0,base,sales_only,108,SAUSAGE-C,68,19,18,18,0,0,0,69,18,21.714286,8100,2520,0,55.2
0,base,sales_only,109,SAUSAGE-C,69,18,47,47,0,0,0,40,51,22.714286,21150,6580,0,32.0
0,base,sales_only,110,SAUSAGE-C,40,51,20,20,0,0,0,71,20,22.607143,9000,2800,0,56.800000000000004
0,base,sales_only,111,SAUSAGE-C,71,20,26,26,0,0,0,65,26,22.75,11700,3640,0,52.0
0,base,sales_only,112,SAUSAGE-C,65,26,23,23,0,0,0,68,23,22.714286,10350,3220,0,54.400000000000006
0,base,sales_only,113,SAUSAGE-C,68,23,16,16,0,0,0,75,15,22.321429,7200,2240,0,60.0
0,base,sales_only,114,SAUSAGE-C,75,15,19,19,0,0,0,71,19,22.357143,8550,2660,0,56.800000000000004
0,base,sales_only,115,SAUSAGE-C,71,19,10,10,0,0,0,80,8,21.964286,4500,1400,0,64.0
0,base,sales_only,116,SAUSAGE-C,80,8,26,26,0,0,0,62,28,22.392857,11700,3640,0,49.6
0,base,sales_only,117,SAUSAGE-C,62,28,19,19,0,0,0,71,19,22.392857,8550,2660,0,56.800000000000004
0,base,sales_only,118,SAUSAGE-C,71,19,13,13,0,0,0,77,11,21.892857,5850,1820,0,61.6
0,base,sales_only,119,SAUSAGE-C,77,11,10,10,0,0,0,78,9,21.607143,4500,1400,0,62.400000000000006
0,base,sales_only,120,SAUSAGE-C,78,9,26,26,0,0,0,61,28,22.142857,11700,3640,0,48.800000000000004
0,base,sales_only,121,SAUSAGE-C,61,28,23,23,0,0,0,66,23,22.107143,10350,3220,0,52.800000000000004
0,base,sales_only,122,SAUSAGE-C,66,23,23,23,0,0,0,66,21,21.607143,10350,3220,0,52.800000000000004
0,base,sales_only,123,SAUSAGE-C,66,21,31,31,0,0,0,56,29,21.107143,13950,4340,0,44.800000000000004
0,base,sales_only,124,SAUSAGE-C,56,29,26,26,0,0,0,59,26,21.25,11700,3640,0,47.2
0,base,sales_only,125,SAUSAGE-C,59,26,22,22,0,0,0,63,24,21.642857,9900,3080,0,50.400000000000006
0,base,sales_only,126,SAUSAGE-C,63,24,10,10,0,0,0,77,9,21.392857,4500,1400,0,61.6
0,base,sales_only,127,SAUSAGE-C,77,9,26,26,0,0,0,60,26,21.5,11700,3640,0,48.0
0,base,sales_only,128,SAUSAGE-C,60,26,44,44,0,0,0,42,45,21.678571,19800,6160,0,33.6
0,base,sales_only,129,SAUSAGE-C,42,45,37,37,0,0,0,50,39,22.25,16650,5180,0,40.0
0,base,sales_only,130,SAUSAGE-C,50,39,25,25,0,0,0,64,26,22.5,11250,3500,0,51.2
0,base,sales_only,131,SAUSAGE-C,64,26,19,19,0,0,0,71,20,22.571429,8550,2660,0,56.800000000000004
0,base,sales_only,132,SAUSAGE-C,71,20,42,42,0,0,0,49,44,23.142857,18900,5880,0,39.2
0,base,sales_only,133,SAUSAGE-C,49,44,24,24,0,0,0,69,25,23.5,10800,3360,0,55.2
0,base,sales_only,134,SAUSAGE-C,69,25,16,16,0,0,0,78,17,23.535714,7200,2240,0,62.400000000000006
0,base,sales_only,135,SAUSAGE-C,78,17,23,23,0,0,0,72,23,23.714286,10350,3220,0,57.6
0,base,sales_only,136,SAUSAGE-C,72,23,28,28,0,0,0,67,30,24.071429,12600,3920,0,53.6
0,base,sales_only,137,SAUSAGE-C,67,30,33,33,0,0,0,64,31,23.571429,14850,4620,0,51.2
0,base,sales_only,138,SAUSAGE-C,64,0,36,36,0,0,0,28,38,24.142857,16200,5040,0,22.400000000000002
0,base,sales_only,139,SAUSAGE-C,28,38,25,25,0,0,0,41,25,24.107143,11250,3500,0,32.800000000000004
0,base,sales_only,140,SAUSAGE-C,41,56,18,18,0,0,0,79,17,23.928571,8100,2520,0,63.2
0,base,sales_only,141,SAUSAGE-C,79,17,28,28,0,0,0,68,30,24.357143,12600,3920,0,54.400000000000006
0,base,sales_only,142,SAUSAGE-C,68,0,27,27,0,0,0,41,28,24.642857,12150,3780,0,32.800000000000004
0,base,sales_only,143,SAUSAGE-C,41,28,18,18,0,0,0,51,19,24.928571,8100,2520,0,40.800000000000004
0,base,sales_only,144,SAUSAGE-C,51,49,27,27,0,0,0,73,27,24.964286,12150,3780,0,58.400000000000006
0,base,sales_only,145,SAUSAGE-C,73,27,28,28,0,0,0,72,30,25.285714,12600,3920,0,57.6
0,base,sales_only,146,SAUSAGE-C,72,30,9,9,0,0,0,93,8,25.142857,4050,1260,0,74.4
0,base,sales_only,147,SAUSAGE-C,93,8,19,19,0,0,0,82,20,25.464286,8550,2660,0,65.60000000000001
0,base,sales_only,148,SAUSAGE-C,82,20,9,9,0,0,0,93,7,24.857143,4050,1260,0,74.4
0,base,sales_only,149,SAUSAGE-C,93,7,22,22,0,0,0,78,22,24.821429,9900,3080,0,62.400000000000006
0,base,sales_only,150,SAUSAGE-C,78,22,18,18,0,0,0,82,17,24.642857,8100,2520,0,65.60000000000001
0,base,sales_only,151,SAUSAGE-C,82,17,34,34,0,0,0,65,34,24.75,15300,4760,0,52.0
0,base,sales_only,152,SAUSAGE-C,65,34,35,35,0,0,0,64,37,25.071429,15750,4900,0,51.2
0,base,sales_only,153,SAUSAGE-C,64,37,13,13,0,0,0,88,11,24.75,5850,1820,0,70.4
0,base,sales_only,154,SAUSAGE-C,88,11,13,13,0,0,0,86,14,24.857143,5850,1820,0,68.8
0,base,sales_only,155,SAUSAGE-C,86,14,33,33,0,0,0,67,34,25.107143,14850,4620,0,53.6
0,base,sales_only,156,SAUSAGE-C,67,34,18,18,0,0,0,83,14,24.178571,8100,2520,0,66.4
0,base,sales_only,157,SAUSAGE-C,83,14,26,26,0,0,0,71,25,23.785714,11700,3640,0,56.800000000000004
0,base,sales_only,158,SAUSAGE-C,71,25,39,39,0,0,0,57,41,24.285714,17550,5460,0,45.6
0,base,sales_only,159,SAUSAGE-C,57,41,25,25,0,0,0,73,25,24.5,11250,3500,0,58.400000000000006
0,base,sales_only,160,SAUSAGE-C,73,25,28,28,0,0,0,70,26,24,12600,3920,0,56.0
0,base,sales_only,161,SAUSAGE-C,70,26,30,30,0,0,0,66,31,24.214286,13500,4200,0,52.800000000000004
0,base,sales_only,162,SAUSAGE-C,66,31,28,28,0,0,0,69,30,24.642857,12600,3920,0,55.2
0,base,sales_only,163,SAUSAGE-C,69,30,34,34,0,0,0,65,36,25.035714,15300,4760,0,52.0
0,base,sales_only,164,SAUSAGE-C,65,36,18,18,0,0,0,83,16,24.678571,8100,2520,0,66.4
0,base,sales_only,165,SAUSAGE-C,83,16,14,14,0,0,0,85,11,24,6300,1960,0,68.0
0,base,sales_only,166,SAUSAGE-C,85,11,20,20,0,0,0,76,18,23.428571,9000,2800,0,60.800000000000004
0,base,sales_only,167,SAUSAGE-C,76,18,13,13,0,0,0,81,11,23,5850,1820,0,64.8
0,base,sales_only,168,SAUSAGE-C,81,11,12,12,0,0,0,80,12,22.785714,5400,1680,0,64.0
0,base,sales_only,169,SAUSAGE-C,80,12,14,14,0,0,0,78,12,22.285714,6300,1960,0,62.400000000000006
0,base,sales_only,170,SAUSAGE-C,78,12,38,38,0,0,0,52,39,22.678571,17100,5320,0,41.6
0,base,sales_only,171,SAUSAGE-C,52,0,18,18,0,0,0,34,18,22.678571,8100,2520,0,27.200000000000003
0,base,sales_only,172,SAUSAGE-C,34,18,18,18,0,0,0,34,17,22.357143,8100,2520,0,27.200000000000003
0,base,sales_only,173,SAUSAGE-C,34,39,19,19,0,0,0,54,18,22.035714,8550,2660,0,43.2
0,base,sales_only,174,SAUSAGE-C,54,0,15,15,0,0,0,39,15,22.25,6750,2100,0,31.200000000000003
0,base,sales_only,175,SAUSAGE-C,39,32,18,18,0,0,0,53,18,22.214286,8100,2520,0,42.400000000000006
0,base,sales_only,176,SAUSAGE-C,53,36,16,16,0,0,0,73,17,22.464286,7200,2240,0,58.400000000000006
0,base,sales_only,177,SAUSAGE-C,73,17,22,22,0,0,0,68,22,22.464286,9900,3080,0,54.400000000000006
0,base,sales_only,178,SAUSAGE-C,68,22,35,35,0,0,0,55,38,23.071429,15750,4900,0,44.0
0,base,sales_only,179,SAUSAGE-C,55,0,63,55,8,0,0,0,58,23.821429,24750,7700,0,0.0
0,base,sales_only,180,SAUSAGE-C,0,58,25,25,0,0,0,33,23,23.464286,11250,3500,0,26.400000000000002
0,base,sales_only,181,SAUSAGE-C,33,61,22,22,0,0,0,72,24,23.785714,9900,3080,0,57.6
0,base,sales_only,182,SAUSAGE-C,72,24,9,9,0,0,0,87,8,23.642857,4050,1260,0,69.60000000000001
0,base,sales_only,183,SAUSAGE-C,87,8,14,14,0,0,0,81,11,22.964286,6300,1960,0,64.8
0,base,sales_only,184,SAUSAGE-C,81,0,44,44,0,0,0,37,48,23.892857,19800,6160,0,29.6
0,base,sales_only,185,SAUSAGE-C,37,48,17,17,0,0,0,68,16,23.571429,7650,2380,0,54.400000000000006
0,base,sales_only,186,SAUSAGE-C,68,27,31,31,0,0,0,64,30,23.285714,13950,4340,0,51.2
0,base,sales_only,187,SAUSAGE-C,64,30,47,47,0,0,0,47,50,24.071429,21150,6580,0,37.6
0,base,sales_only,188,SAUSAGE-C,47,50,16,16,0,0,0,81,14,23.642857,7200,2240,0,64.8
0,base,sales_only,189,SAUSAGE-C,81,14,23,23,0,0,0,72,22,23.392857,10350,3220,0,57.6
0,base,sales_only,190,SAUSAGE-C,72,22,17,17,0,0,0,77,15,23,7650,2380,0,61.6
0,base,sales_only,191,SAUSAGE-C,77,15,18,18,0,0,0,74,16,22.428571,8100,2520,0,59.2
0,base,sales_only,192,SAUSAGE-C,74,16,9,9,0,0,0,81,8,22.107143,4050,1260,0,64.8
0,base,sales_only,193,SAUSAGE-C,81,8,28,28,0,0,0,61,30,22.607143,12600,3920,0,48.800000000000004
0,base,sales_only,194,SAUSAGE-C,61,30,61,61,0,0,0,30,67,24.071429,27450,8540,0,24.0
0,base,sales_only,195,SAUSAGE-C,30,67,31,31,0,0,0,66,33,24.714286,13950,4340,0,52.800000000000004
0,base,sales_only,196,SAUSAGE-C,66,33,33,33,0,0,0,66,36,25.464286,14850,4620,0,52.800000000000004
0,base,sales_only,197,SAUSAGE-C,66,36,26,26,0,0,0,76,28,25.892857,11700,3640,0,60.800000000000004
0,base,sales_only,198,SAUSAGE-C,76,28,20,20,0,0,0,84,17,25.25,9000,2800,0,67.2
0,base,sales_only,199,SAUSAGE-C,84,0,37,37,0,0,0,47,40,25.928571,16650,5180,0,37.6
0,base,sales_only,200,SAUSAGE-C,47,0,37,37,0,0,0,10,40,26.607143,16650,5180,0,8.0
0,base,sales_only,201,SAUSAGE-C,10,57,36,36,0,0,0,31,38,27.214286,16200,5040,0,24.8
0,base,sales_only,202,SAUSAGE-C,31,78,12,12,0,0,0,97,12,27.107143,5400,1680,0,77.60000000000001
0,base,sales_only,203,SAUSAGE-C,97,12,17,17,0,0,0,92,17,27.071429,7650,2380,0,73.60000000000001
0,base,sales_only,204,SAUSAGE-C,92,0,27,27,0,0,0,65,28,27.464286,12150,3780,0,52.0
0,base,sales_only,205,SAUSAGE-C,65,0,80,65,15,0,0,0,71,29,29250,9100,0,0.0
0,base,sales_only,206,SAUSAGE-C,0,88,16,16,0,0,0,72,14,28.321429,7200,2240,0,57.6
0,base,sales_only,207,SAUSAGE-C,72,42,33,33,0,0,0,81,30,27.535714,14850,4620,0,64.8
0,base,sales_only,208,SAUSAGE-C,81,30,17,17,0,0,0,94,15,27.25,7650,2380,0,75.2
0,base,sales_only,209,SAUSAGE-C,94,15,16,16,0,0,0,93,16,27.035714,7200,2240,0,74.4
0,base,sales_only,210,SAUSAGE-C,93,16,17,17,0,0,0,92,18,27.321429,7650,2380,0,73.60000000000001
0,base,sales_only,211,SAUSAGE-C,92,18,22,22,0,0,0,88,23,27.607143,9900,3080,0,70.4
0,base,sales_only,212,SAUSAGE-C,88,23,43,43,0,0,0,68,43,27.571429,19350,6020,0,54.400000000000006
0,base,sales_only,213,SAUSAGE-C,68,43,37,37,0,0,0,74,40,28.285714,16650,5180,0,59.2
0,base,sales_only,214,SAUSAGE-C,74,40,50,50,0,0,0,64,52,28.964286,22500,7000,0,51.2
0,base,sales_only,215,SAUSAGE-C,64,52,26,26,0,0,0,90,23,28.214286,11700,3640,0,72.0
0,base,sales_only,216,SAUSAGE-C,90,23,18,18,0,0,0,95,19,28.285714,8100,2520,0,76.0
0,base,sales_only,217,SAUSAGE-C,95,19,16,16,0,0,0,98,15,28.035714,7200,2240,0,78.4
0,base,sales_only,218,SAUSAGE-C,98,15,23,23,0,0,0,90,23,28.25,10350,3220,0,72.0
0,base,sales_only,219,SAUSAGE-C,90,23,20,20,0,0,0,93,21,28.321429,9000,2800,0,74.4
0,base,sales_only,220,SAUSAGE-C,93,0,24,24,0,0,0,69,26,28.857143,10800,3360,0,55.2
0,base,sales_only,221,SAUSAGE-C,69,26,33,33,0,0,0,62,34,29.035714,14850,4620,0,49.6
0,base,sales_only,222,SAUSAGE-C,62,55,18,18,0,0,0,99,11,27.5,8100,2520,0,79.2
0,base,sales_only,223,SAUSAGE-C,99,11,34,34,0,0,0,76,35,27.607143,15300,4760,0,60.800000000000004
0,base,sales_only,224,SAUSAGE-C,76,0,13,13,0,0,0,63,10,26.892857,5850,1820,0,50.400000000000006
0,base,sales_only,225,SAUSAGE-C,63,10,22,22,0,0,0,51,21,26.75,9900,3080,0,40.800000000000004
0,base,sales_only,226,SAUSAGE-C,51,56,13,13,0,0,0,94,12,26.5,5850,1820,0,75.2
0,base,sales_only,227,SAUSAGE-C,94,12,51,51,0,0,0,55,53,27,22950,7140,0,44.0
0,base,sales_only,228,SAUSAGE-C,55,53,16,16,0,0,0,92,13,26.25,7200,2240,0,73.60000000000001
0,base,sales_only,229,SAUSAGE-C,92,13,49,49,0,0,0,56,51,26.714286,22050,6860,0,44.800000000000004
0,base,sales_only,230,SAUSAGE-C,56,0,19,19,0,0,0,37,20,26.964286,8550,2660,0,29.6
0,base,sales_only,231,SAUSAGE-C,37,20,23,23,0,0,0,34,24,27.178571,10350,3220,0,27.200000000000003
0,base,sales_only,232,SAUSAGE-C,34,51,26,26,0,0,0,59,26,27.142857,11700,3640,0,47.2
0,base,sales_only,233,SAUSAGE-C,59,26,18,18,0,0,0,67,11,25.464286,8100,2520,0,53.6
0,base,sales_only,234,SAUSAGE-C,67,35,39,39,0,0,0,63,43,26.285714,17550,5460,0,50.400000000000006
0,base,sales_only,235,SAUSAGE-C,63,43,28,28,0,0,0,78,27,26.107143,12600,3920,0,62.400000000000006
0,base,sales_only,236,SAUSAGE-C,78,27,25,25,0,0,0,80,26,26.392857,11250,3500,0,64.0
0,base,sales_only,237,SAUSAGE-C,80,26,10,10,0,0,0,96,9,26.178571,4500,1400,0,76.80000000000001
0,base,sales_only,238,SAUSAGE-C,96,9,16,16,0,0,0,89,16,26.142857,7200,2240,0,71.2
0,base,sales_only,239,SAUSAGE-C,89,16,23,23,0,0,0,82,23,26.178571,10350,3220,0,65.60000000000001
0,base,sales_only,0,SPECIAL-D,24,0,11,11,0,0,0,13,31,11,7920,1760,0,10.4
0,base,sales_only,1,SPECIAL-D,13,31,4,4,0,0,0,40,0,7.5,2880,640,0,32.0
0,base,sales_only,2,SPECIAL-D,40,0,9,9,0,0,0,31,1,8,6480,1440,0,24.8
0,base,sales_only,3,SPECIAL-D,31,1,11,11,0,0,0,21,14,8.75,7920,1760,0,16.8
0,base,sales_only,4,SPECIAL-D,21,14,10,10,0,0,0,25,11,9,7200,1600,0,20.0
0,base,sales_only,5,SPECIAL-D,25,11,13,13,0,0,10,13,26,9.666667,9360,2080,5600,10.4
0,base,sales_only,6,SPECIAL-D,13,26,5,5,0,0,0,34,2,9,3600,800,0,27.200000000000003
0,base,sales_only,7,SPECIAL-D,34,2,14,14,0,0,0,22,17,9.625,10080,2240,0,17.6
0,base,sales_only,8,SPECIAL-D,22,17,10,10,0,0,0,29,10,9.666667,7200,1600,0,23.200000000000003
0,base,sales_only,9,SPECIAL-D,29,0,13,13,0,0,0,16,14,10,9360,2080,0,12.8
0,base,sales_only,10,SPECIAL-D,16,14,5,5,0,0,0,25,4,9.545455,3600,800,0,20.0
0,base,sales_only,11,SPECIAL-D,25,14,8,8,0,0,0,31,7,9.416667,5760,1280,0,24.8
0,base,sales_only,12,SPECIAL-D,31,7,14,14,0,0,3,21,19,9.769231,10080,2240,1680,16.8
0,base,sales_only,13,SPECIAL-D,21,19,8,8,0,0,0,32,7,9.642857,5760,1280,0,25.6
0,base,sales_only,14,SPECIAL-D,32,7,9,9,0,0,0,30,9,9.6,6480,1440,0,24.0
0,base,sales_only,15,SPECIAL-D,30,9,4,4,0,0,0,35,2,9.25,2880,640,0,28.0
0,base,sales_only,16,SPECIAL-D,35,2,6,6,0,0,0,31,6,9.058824,4320,960,0,24.8
0,base,sales_only,17,SPECIAL-D,31,6,8,8,0,0,13,16,20,9,5760,1280,7280,12.8
0,base,sales_only,18,SPECIAL-D,16,20,7,7,0,0,0,29,7,8.894737,5040,1120,0,23.200000000000003
0,base,sales_only,19,SPECIAL-D,29,7,9,9,0,0,1,26,10,8.9,6480,1440,560,20.8
0,base,sales_only,20,SPECIAL-D,26,10,8,8,0,0,0,28,8,8.857143,5760,1280,0,22.400000000000002
0,base,sales_only,21,SPECIAL-D,28,8,5,5,0,0,0,31,4,8.681818,3600,800,0,24.8
0,base,sales_only,22,SPECIAL-D,31,4,5,5,0,0,6,24,11,8.521739,3600,800,3360,19.200000000000003
0,base,sales_only,23,SPECIAL-D,24,11,8,8,0,0,2,25,9,8.5,5760,1280,1120,20.0
0,base,sales_only,24,SPECIAL-D,25,0,9,9,0,0,2,14,12,8.52,6480,1440,1120,11.200000000000001
0,base,sales_only,25,SPECIAL-D,14,0,10,10,0,0,0,4,10,8.576923,7200,1600,0,3.2
0,base,sales_only,26,SPECIAL-D,4,19,15,15,0,0,0,8,16,8.814815,10800,2400,0,6.4
0,base,sales_only,27,SPECIAL-D,8,28,5,5,0,0,0,31,4,8.678571,3600,800,0,24.8
0,base,sales_only,28,SPECIAL-D,31,4,5,5,0,0,0,30,4,8.464286,3600,800,0,24.0
0,base,sales_only,29,SPECIAL-D,30,4,9,9,0,0,0,25,10,8.642857,6480,1440,0,20.0
0,base,sales_only,30,SPECIAL-D,25,10,9,9,0,0,0,26,9,8.642857,6480,1440,0,20.8
0,base,sales_only,31,SPECIAL-D,26,9,6,6,0,0,8,21,13,8.464286,4320,960,4480,16.8
0,base,sales_only,32,SPECIAL-D,21,13,9,9,0,0,0,25,9,8.428571,6480,1440,0,20.0
0,base,sales_only,33,SPECIAL-D,25,0,12,12,0,0,0,13,12,8.392857,8640,1920,0,10.4
0,base,sales_only,34,SPECIAL-D,13,12,11,11,0,0,0,14,12,8.607143,7920,1760,0,11.200000000000001
0,base,sales_only,35,SPECIAL-D,14,21,5,5,0,0,0,30,4,8.285714,3600,800,0,24.0
0,base,sales_only,36,SPECIAL-D,30,4,14,14,0,0,0,20,14,8.428571,10080,2240,0,16.0
0,base,sales_only,37,SPECIAL-D,20,14,8,8,0,0,0,26,7,8.25,5760,1280,0,20.8
0,base,sales_only,38,SPECIAL-D,26,7,11,11,0,0,0,22,12,8.464286,7920,1760,0,17.6
0,base,sales_only,39,SPECIAL-D,22,12,9,9,0,0,0,25,9,8.5,6480,1440,0,20.0
0,base,sales_only,40,SPECIAL-D,25,9,7,7,0,0,0,27,6,8.25,5040,1120,0,21.6
0,base,sales_only,41,SPECIAL-D,27,6,5,5,0,0,0,28,5,8.142857,3600,800,0,22.400000000000002
0,base,sales_only,42,SPECIAL-D,28,0,7,7,0,0,1,20,8,8.071429,5040,1120,560,16.0
0,base,sales_only,43,SPECIAL-D,20,8,4,4,0,0,5,19,9,8.071429,2880,640,2800,15.200000000000001
0,base,sales_only,44,SPECIAL-D,19,5,11,11,0,0,5,8,16,8.25,7920,1760,2800,6.4
0,base,sales_only,45,SPECIAL-D,8,16,9,9,0,0,0,15,10,8.285714,6480,1440,0,12.0
0,base,sales_only,46,SPECIAL-D,15,9,9,9,0,0,0,15,9,8.357143,6480,1440,0,12.0
0,base,sales_only,47,SPECIAL-D,15,9,10,10,0,0,0,14,10,8.392857,7200,1600,0,11.200000000000001
0,base,sales_only,48,SPECIAL-D,14,20,9,9,0,0,0,25,9,8.428571,6480,1440,0,20.0
0,base,sales_only,49,SPECIAL-D,25,9,8,8,0,0,0,26,9,8.535714,5760,1280,0,20.8
0,base,sales_only,50,SPECIAL-D,26,9,7,7,0,0,0,28,7,8.607143,5040,1120,0,22.400000000000002
0,base,sales_only,51,SPECIAL-D,28,7,7,7,0,0,0,28,7,8.571429,5040,1120,0,22.400000000000002
0,base,sales_only,52,SPECIAL-D,28,7,10,10,0,0,3,22,13,8.607143,7200,1600,1680,17.6
0,base,sales_only,53,SPECIAL-D,22,13,8,8,0,0,0,27,8,8.535714,5760,1280,0,21.6
0,base,sales_only,54,SPECIAL-D,27,8,9,9,0,0,0,26,8,8.321429,6480,1440,0,20.8
0,base,sales_only,55,SPECIAL-D,26,0,9,9,0,0,0,17,9,8.464286,6480,1440,0,13.600000000000001
0,base,sales_only,56,SPECIAL-D,17,9,9,9,0,0,0,17,10,8.607143,6480,1440,0,13.600000000000001
0,base,sales_only,57,SPECIAL-D,17,18,13,13,0,0,0,22,13,8.75,9360,2080,0,17.6
0,base,sales_only,58,SPECIAL-D,22,0,5,5,0,0,0,17,5,8.607143,3600,800,0,13.600000000000001
0,base,sales_only,59,SPECIAL-D,17,5,5,5,0,0,0,17,5,8.571429,3600,800,0,13.600000000000001
0,base,sales_only,60,SPECIAL-D,17,13,11,11,0,0,0,19,11,8.642857,7920,1760,0,15.200000000000001
0,base,sales_only,61,SPECIAL-D,19,11,17,17,0,0,1,12,19,8.821429,12240,2720,560,9.600000000000001
0,base,sales_only,62,SPECIAL-D,12,24,5,5,0,0,0,31,4,8.607143,3600,800,0,24.8
0,base,sales_only,63,SPECIAL-D,31,4,6,6,0,0,0,29,6,8.642857,4320,960,0,23.200000000000003
0,base,sales_only,64,SPECIAL-D,29,6,10,10,0,0,0,25,9,8.5,7200,1600,0,20.0
0,base,sales_only,65,SPECIAL-D,25,9,6,6,0,0,0,28,6,8.428571,4320,960,0,22.400000000000002
0,base,sales_only,66,SPECIAL-D,28,6,6,6,0,0,9,19,14,8.25,4320,960,5040,15.200000000000001
0,base,sales_only,67,SPECIAL-D,19,14,6,6,0,0,0,27,6,8.142857,4320,960,0,21.6
0,base,sales_only,68,SPECIAL-D,27,6,8,8,0,0,0,25,8,8.178571,5760,1280,0,20.0
0,base,sales_only,69,SPECIAL-D,25,8,3,3,0,0,0,30,3,8.107143,2160,480,0,24.0
0,base,sales_only,70,SPECIAL-D,30,3,6,6,0,0,2,25,8,8.071429,4320,960,1120,20.0
0,base,sales_only,71,SPECIAL-D,25,8,8,8,0,0,8,17,16,8.214286,5760,1280,4480,13.600000000000001
0,base,sales_only,72,SPECIAL-D,17,16,6,6,0,0,0,27,6,8.035714,4320,960,0,21.6
0,base,sales_only,73,SPECIAL-D,27,6,5,5,0,0,0,28,4,7.892857,3600,800,0,22.400000000000002
0,base,sales_only,74,SPECIAL-D,28,4,11,11,0,0,0,21,11,7.964286,7920,1760,0,16.8
0,base,sales_only,75,SPECIAL-D,21,11,8,8,0,0,0,24,8,7.892857,5760,1280,0,19.200000000000003
0,base,sales_only,76,SPECIAL-D,24,8,4,4,0,0,3,25,6,7.714286,2880,640,1680,20.0
0,base,sales_only,77,SPECIAL-D,25,6,8,8,0,0,2,21,10,7.714286,5760,1280,1120,16.8
0,base,sales_only,78,SPECIAL-D,21,10,9,9,0,0,0,22,10,7.785714,6480,1440,0,17.6
0,base,sales_only,79,SPECIAL-D,22,10,9,9,0,0,0,23,9,7.857143,6480,1440,0,18.400000000000002
0,base,sales_only,80,SPECIAL-D,23,0,3,3,0,0,0,20,2,7.607143,2160,480,0,16.0
0,base,sales_only,81,SPECIAL-D,20,2,7,7,0,0,0,15,7,7.571429,5040,1120,0,12.0
0,base,sales_only,82,SPECIAL-D,15,16,6,6,0,0,3,22,8,7.464286,4320,960,1680,17.6
0,base,sales_only,83,SPECIAL-D,22,0,8,8,0,0,4,10,12,7.428571,5760,1280,2240,8.0
0,base,sales_only,84,SPECIAL-D,10,12,7,7,0,0,0,15,7,7.357143,5040,1120,0,12.0
0,base,sales_only,85,SPECIAL-D,15,15,4,4,0,0,0,26,3,7.035714,2880,640,0,20.8
0,base,sales_only,86,SPECIAL-D,26,0,10,10,0,0,0,16,10,7.214286,7200,1600,0,12.8
0,base,sales_only,87,SPECIAL-D,16,10,6,6,0,0,0,20,6,7.25,4320,960,0,16.0
0,base,sales_only,88,SPECIAL-D,20,3,5,5,0,0,0,18,5,7.035714,3600,800,0,14.4
0,base,sales_only,89,SPECIAL-D,18,5,20,18,2,0,5,0,23,7.071429,12960,2880,2800,0.0
0,base,sales_only,90,SPECIAL-D,0,29,6,6,0,0,0,23,6,7.107143,4320,960,0,18.400000000000002
0,base,sales_only,91,SPECIAL-D,23,6,5,5,0,0,0,24,5,7.071429,3600,800,0,19.200000000000003
0,base,sales_only,92,SPECIAL-D,24,5,8,8,0,0,0,21,7,7,5760,1280,0,16.8
0,base,sales_only,93,SPECIAL-D,21,7,5,5,0,0,0,23,5,6.964286,3600,800,0,18.400000000000002
0,base,sales_only,94,SPECIAL-D,23,5,7,7,0,0,5,16,12,7,5040,1120,2800,12.8
0,base,sales_only,95,SPECIAL-D,16,0,14,14,0,0,0,2,16,7.285714,10080,2240,0,1.6
0,base,sales_only,96,SPECIAL-D,2,16,5,5,0,0,0,13,4,7.178571,3600,800,0,10.4
0,base,sales_only,97,SPECIAL-D,13,16,6,6,0,0,0,23,7,7.285714,4320,960,0,18.400000000000002
0,base,sales_only,98,SPECIAL-D,23,7,12,12,0,0,0,18,12,7.5,8640,1920,0,14.4
0,base,sales_only,99,SPECIAL-D,18,12,6,6,0,0,0,24,6,7.428571,4320,960,0,19.200000000000003
0,base,sales_only,100,SPECIAL-D,24,0,7,7,0,0,0,17,7,7.464286,5040,1120,0,13.600000000000001
0,base,sales_only,101,SPECIAL-D,17,7,11,11,0,0,0,13,12,7.678571,7920,1760,0,10.4
0,base,sales_only,102,SPECIAL-D,13,18,8,8,0,0,0,23,8,7.571429,5760,1280,0,18.400000000000002
0,base,sales_only,103,SPECIAL-D,23,8,13,13,0,0,0,18,13,7.75,9360,2080,0,14.4
0,base,sales_only,104,SPECIAL-D,18,13,12,12,0,0,0,19,14,8.035714,8640,1920,0,15.200000000000001
0,base,sales_only,105,SPECIAL-D,19,14,8,8,0,0,0,25,8,8.035714,5760,1280,0,20.0
0,base,sales_only,106,SPECIAL-D,25,8,6,6,0,0,0,27,5,7.928571,4320,960,0,21.6
0,base,sales_only,107,SPECIAL-D,27,5,12,12,0,0,0,20,13,8.035714,8640,1920,0,16.0
0,base,sales_only,108,SPECIAL-D,20,13,9,9,0,0,0,24,9,8.25,6480,1440,0,19.200000000000003
0,base,sales_only,109,SPECIAL-D,24,9,10,10,0,0,0,23,11,8.357143,7200,1600,0,18.400000000000002
0,base,sales_only,110,SPECIAL-D,23,11,18,18,0,0,0,16,20,8.785714,12960,2880,0,12.8
0,base,sales_only,111,SPECIAL-D,16,0,5,5,0,0,0,11,4,8.678571,3600,800,0,8.8
0,base,sales_only,112,SPECIAL-D,11,4,16,15,1,0,0,0,16,8.964286,10800,2400,0,0.0
0,base,sales_only,113,SPECIAL-D,0,20,4,4,0,0,0,16,4,8.964286,2880,640,0,12.8
0,base,sales_only,114,SPECIAL-D,16,4,8,8,0,0,0,12,8,8.892857,5760,1280,0,9.600000000000001
0,base,sales_only,115,SPECIAL-D,12,16,6,6,0,0,0,22,6,8.892857,4320,960,0,17.6
0,base,sales_only,116,SPECIAL-D,22,0,8,8,0,0,0,14,8,9,5760,1280,0,11.200000000000001
0,base,sales_only,117,SPECIAL-D,14,16,8,8,0,0,0,22,7,8.642857,5760,1280,0,17.6
0,base,sales_only,118,SPECIAL-D,22,13,7,7,0,0,0,28,7,8.678571,5040,1120,0,22.400000000000002
0,base,sales_only,119,SPECIAL-D,28,7,4,4,0,0,0,31,4,8.642857,2880,640,0,24.8
0,base,sales_only,120,SPECIAL-D,31,4,14,14,0,0,0,21,15,8.857143,10080,2240,0,16.8
0,base,sales_only,121,SPECIAL-D,21,15,11,11,0,0,0,25,12,9.071429,7920,1760,0,20.0
0,base,sales_only,122,SPECIAL-D,25,12,8,8,0,0,0,29,8,9.107143,5760,1280,0,23.200000000000003
0,base,sales_only,123,SPECIAL-D,29,8,10,10,0,0,0,27,9,8.964286,7200,1600,0,21.6
0,base,sales_only,124,SPECIAL-D,27,9,6,6,0,0,0,30,6,9,4320,960,0,24.0
0,base,sales_only,125,SPECIAL-D,30,6,9,9,0,0,1,26,11,9.107143,6480,1440,560,20.8
0,base,sales_only,126,SPECIAL-D,26,0,8,8,0,0,3,15,10,8.964286,5760,1280,1680,12.0
0,base,sales_only,127,SPECIAL-D,15,10,14,14,0,0,0,11,15,9.25,10080,2240,0,8.8
0,base,sales_only,128,SPECIAL-D,11,26,17,17,0,0,0,20,19,9.607143,12240,2720,0,16.0
0,base,sales_only,129,SPECIAL-D,20,19,11,11,0,0,0,28,11,9.607143,7920,1760,0,22.400000000000002
0,base,sales_only,130,SPECIAL-D,28,11,12,12,0,0,0,27,12,9.75,8640,1920,0,21.6
0,base,sales_only,131,SPECIAL-D,27,12,16,16,0,0,0,23,17,9.857143,11520,2560,0,18.400000000000002
0,base,sales_only,132,SPECIAL-D,23,0,5,5,0,0,0,18,4,9.607143,3600,800,0,14.4
0,base,sales_only,133,SPECIAL-D,18,4,10,10,0,0,0,12,10,9.678571,7200,1600,0,9.600000000000001
0,base,sales_only,134,SPECIAL-D,12,27,10,10,0,0,0,29,11,9.821429,7200,1600,0,23.200000000000003
0,base,sales_only,135,SPECIAL-D,29,0,7,7,0,0,0,22,6,9.642857,5040,1120,0,17.6
0,base,sales_only,136,SPECIAL-D,22,6,14,14,0,0,0,14,15,9.821429,10080,2240,0,11.200000000000001
0,base,sales_only,137,SPECIAL-D,14,11,29,25,4,0,0,0,27,10.357143,18000,4000,0,0.0
0,base,sales_only,138,SPECIAL-D,0,27,14,14,0,0,0,13,13,10.214286,10080,2240,0,10.4
0,base,sales_only,139,SPECIAL-D,13,28,9,9,0,0,0,32,10,10.357143,6480,1440,0,25.6
0,base,sales_only,140,SPECIAL-D,32,10,12,12,0,0,0,30,11,10.25,8640,1920,0,24.0
0,base,sales_only,141,SPECIAL-D,30,11,9,9,0,0,0,32,10,10.428571,6480,1440,0,25.6
0,base,sales_only,142,SPECIAL-D,32,10,17,17,0,0,0,25,18,10.75,12240,2720,0,20.0
0,base,sales_only,143,SPECIAL-D,25,18,4,4,0,0,0,39,4,10.678571,2880,640,0,31.200000000000003
0,base,sales_only,144,SPECIAL-D,39,4,10,10,0,0,0,33,10,10.75,7200,1600,0,26.400000000000002
0,base,sales_only,145,SPECIAL-D,33,0,11,11,0,0,1,21,13,10.857143,7920,1760,560,16.8
0,base,sales_only,146,SPECIAL-D,21,13,5,5,0,0,0,29,5,10.785714,3600,800,0,23.200000000000003
0,base,sales_only,147,SPECIAL-D,29,15,7,7,0,0,12,25,19,10.892857,5040,1120,6720,20.0
0,base,sales_only,148,SPECIAL-D,25,19,24,24,0,0,0,20,25,11.25,17280,3840,0,16.0
0,base,sales_only,149,SPECIAL-D,20,25,9,9,0,0,0,36,9,11.178571,6480,1440,0,28.8
0,base,sales_only,150,SPECIAL-D,36,9,6,6,0,0,0,39,6,11.107143,4320,960,0,31.200000000000003
0,base,sales_only,151,SPECIAL-D,39,6,12,12,0,0,0,33,12,11.178571,8640,1920,0,26.400000000000002
0,base,sales_only,152,SPECIAL-D,33,12,10,10,0,0,0,35,11,11.321429,7200,1600,0,28.0
0,base,sales_only,153,SPECIAL-D,35,11,8,8,0,0,8,30,16,11.285714,5760,1280,4480,24.0
0,base,sales_only,154,SPECIAL-D,30,16,8,8,0,0,1,37,9,11.285714,5760,1280,560,29.6
0,base,sales_only,155,SPECIAL-D,37,0,11,11,0,0,0,26,10,11.178571,7920,1760,0,20.8
0,base,sales_only,156,SPECIAL-D,26,10,6,6,0,0,0,30,5,10.785714,4320,960,0,24.0
0,base,sales_only,157,SPECIAL-D,30,14,7,7,0,0,4,33,10,10.642857,5040,1120,2240,26.400000000000002
0,base,sales_only,158,SPECIAL-D,33,10,13,13,0,0,9,21,22,10.678571,9360,2080,5040,16.8
0,base,sales_only,159,SPECIAL-D,21,22,13,13,0,0,0,30,13,10.571429,9360,2080,0,24.0
0,base,sales_only,160,SPECIAL-D,30,13,25,25,0,0,0,18,28,11.285714,18000,4000,0,14.4
0,base,sales_only,161,SPECIAL-D,18,28,15,15,0,0,0,31,15,11.464286,10800,2400,0,24.8
0,base,sales_only,162,SPECIAL-D,31,15,7,7,0,0,0,39,7,11.357143,5040,1120,0,31.200000000000003
0,base,sales_only,163,SPECIAL-D,39,7,12,12,0,0,0,34,13,11.535714,8640,1920,0,27.200000000000003
0,base,sales_only,164,SPECIAL-D,34,13,23,23,0,0,0,24,24,11.857143,16560,3680,0,19.200000000000003
0,base,sales_only,165,SPECIAL-D,24,24,9,9,0,0,0,39,7,11.285714,6480,1440,0,31.200000000000003
0,base,sales_only,166,SPECIAL-D,39,7,11,11,0,0,0,35,10,11.178571,7920,1760,0,28.0
0,base,sales_only,167,SPECIAL-D,35,10,5,5,0,0,0,40,5,11.035714,3600,800,0,32.0
0,base,sales_only,168,SPECIAL-D,40,5,18,18,0,0,0,27,18,11.25,12960,2880,0,21.6
0,base,sales_only,169,SPECIAL-D,27,18,14,14,0,0,5,26,20,11.428571,10080,2240,2800,20.8
0,base,sales_only,170,SPECIAL-D,26,20,10,10,0,0,0,36,9,11.178571,7200,1600,0,28.8
0,base,sales_only,171,SPECIAL-D,36,9,8,8,0,0,0,37,9,11.321429,5760,1280,0,29.6
0,base,sales_only,172,SPECIAL-D,37,9,13,13,0,0,0,33,13,11.428571,9360,2080,0,26.400000000000002
0,base,sales_only,173,SPECIAL-D,33,13,20,20,0,0,0,26,21,11.75,14400,3200,0,20.8
0,base,sales_only,174,SPECIAL-D,26,21,7,7,0,0,0,40,8,11.821429,5040,1120,0,32.0
0,base,sales_only,175,SPECIAL-D,40,8,6,6,0,0,0,42,6,11.785714,4320,960,0,33.6
0,base,sales_only,176,SPECIAL-D,42,6,7,7,0,0,0,41,4,11.178571,5040,1120,0,32.800000000000004
0,base,sales_only,177,SPECIAL-D,41,4,11,11,0,0,6,28,17,11.25,7920,1760,3360,22.400000000000002
0,base,sales_only,178,SPECIAL-D,28,17,14,14,0,0,10,21,26,11.535714,10080,2240,5600,16.8
0,base,sales_only,179,SPECIAL-D,21,26,11,11,0,0,0,36,10,11.5,7920,1760,0,28.8
0,base,sales_only,180,SPECIAL-D,36,10,10,10,0,0,0,36,10,11.5,7200,1600,0,28.8
0,base,sales_only,181,SPECIAL-D,36,10,4,4,0,0,0,42,4,11.357143,2880,640,0,33.6
0,base,sales_only,182,SPECIAL-D,42,4,5,5,0,0,0,41,4,11.25,3600,800,0,32.800000000000004
0,base,sales_only,183,SPECIAL-D,41,4,14,14,0,0,17,14,32,11.357143,10080,2240,9520,11.200000000000001
0,base,sales_only,184,SPECIAL-D,14,32,14,14,0,0,0,32,15,11.642857,10080,2240,0,25.6
0,base,sales_only,185,SPECIAL-D,32,15,6,6,0,0,0,41,6,11.607143,4320,960,0,32.800000000000004
0,base,sales_only,186,SPECIAL-D,41,6,14,14,0,0,0,33,14,11.642857,10080,2240,0,26.400000000000002
0,base,sales_only,187,SPECIAL-D,33,14,10,10,0,0,0,37,10,11.535714,7200,1600,0,29.6
0,base,sales_only,188,SPECIAL-D,37,10,16,16,0,0,2,29,16,11.214286,11520,2560,1120,23.200000000000003
0,base,sales_only,189,SPECIAL-D,29,16,6,6,0,0,0,39,5,10.892857,4320,960,0,31.200000000000003
0,base,sales_only,190,SPECIAL-D,39,5,4,4,0,0,0,40,4,10.785714,2880,640,0,32.0
0,base,sales_only,191,SPECIAL-D,40,4,4,4,0,0,9,31,11,10.5,2880,640,5040,24.8
0,base,sales_only,192,SPECIAL-D,31,11,20,20,0,0,6,16,26,10.392857,14400,3200,3360,12.8
0,base,sales_only,193,SPECIAL-D,16,0,10,10,0,0,0,6,10,10.428571,7200,1600,0,4.800000000000001
0,base,sales_only,194,SPECIAL-D,6,10,7,7,0,0,0,9,7,10.285714,5040,1120,0,7.2
0,base,sales_only,195,SPECIAL-D,9,33,6,6,0,0,0,36,6,10.321429,4320,960,0,28.8
0,base,sales_only,196,SPECIAL-D,36,6,10,10,0,0,0,32,9,10.035714,7200,1600,0,25.6
0,base,sales_only,197,SPECIAL-D,32,9,9,9,0,0,0,32,8,9.857143,6480,1440,0,25.6
0,base,sales_only,198,SPECIAL-D,32,0,9,9,0,0,0,23,9,9.821429,6480,1440,0,18.400000000000002
0,base,sales_only,199,SPECIAL-D,23,9,9,9,0,0,8,15,17,9.857143,6480,1440,4480,12.0
0,base,sales_only,200,SPECIAL-D,15,25,7,7,0,0,0,33,6,9.642857,5040,1120,0,26.400000000000002
0,base,sales_only,201,SPECIAL-D,33,6,12,12,0,0,0,27,11,9.357143,8640,1920,0,21.6
0,base,sales_only,202,SPECIAL-D,27,0,4,4,0,0,0,23,3,9.25,2880,640,0,18.400000000000002
0,base,sales_only,203,SPECIAL-D,23,3,7,7,0,0,0,19,8,9.285714,5040,1120,0,15.200000000000001
0,base,sales_only,204,SPECIAL-D,19,19,14,14,0,0,10,14,25,9.535714,10080,2240,5600,11.200000000000001
0,base,sales_only,205,SPECIAL-D,14,25,11,11,0,0,0,28,11,9.535714,7920,1760,0,22.400000000000002
0,base,sales_only,206,SPECIAL-D,28,11,8,8,0,0,0,31,7,9.321429,5760,1280,0,24.8
0,base,sales_only,207,SPECIAL-D,31,7,16,16,0,0,0,22,16,9.5,11520,2560,0,17.6
0,base,sales_only,208,SPECIAL-D,22,16,10,10,0,0,0,28,10,9.5,7200,1600,0,22.400000000000002
0,base,sales_only,209,SPECIAL-D,28,10,7,7,0,0,0,31,8,9.607143,5040,1120,0,24.8
0,base,sales_only,210,SPECIAL-D,31,0,7,7,0,0,0,24,7,9.678571,5040,1120,0,19.200000000000003
0,base,sales_only,211,SPECIAL-D,24,7,7,7,0,0,0,24,6,9.428571,5040,1120,0,19.200000000000003
0,base,sales_only,212,SPECIAL-D,24,14,13,13,0,0,7,18,20,9.392857,9360,2080,3920,14.4
0,base,sales_only,213,SPECIAL-D,18,20,10,10,0,0,0,28,11,9.535714,7200,1600,0,22.400000000000002
0,base,sales_only,214,SPECIAL-D,28,0,11,11,0,0,0,17,10,9.428571,7920,1760,0,13.600000000000001
0,base,sales_only,215,SPECIAL-D,17,10,15,15,0,0,0,12,16,9.607143,10800,2400,0,9.600000000000001
0,base,sales_only,216,SPECIAL-D,12,27,8,8,0,0,0,31,7,9.321429,5760,1280,0,24.8
0,base,sales_only,217,SPECIAL-D,31,0,27,27,0,0,0,4,30,10.071429,19440,4320,0,3.2
0,base,sales_only,218,SPECIAL-D,4,30,4,4,0,0,0,30,4,10.071429,2880,640,0,24.0
0,base,sales_only,219,SPECIAL-D,30,11,9,9,0,0,0,32,9,10.25,6480,1440,0,25.6
0,base,sales_only,220,SPECIAL-D,32,9,15,15,0,0,0,26,15,10.071429,10800,2400,0,20.8
0,base,sales_only,221,SPECIAL-D,26,15,11,11,0,0,0,30,11,10.107143,7920,1760,0,24.0
0,base,sales_only,222,SPECIAL-D,30,11,12,12,0,0,0,29,13,10.285714,8640,1920,0,23.200000000000003
0,base,sales_only,223,SPECIAL-D,29,13,10,10,0,0,0,32,10,10.428571,7200,1600,0,25.6
0,base,sales_only,224,SPECIAL-D,32,10,10,10,0,0,0,32,10,10.428571,7200,1600,0,25.6
0,base,sales_only,225,SPECIAL-D,32,10,8,8,0,0,0,34,8,10.392857,5760,1280,0,27.200000000000003
0,base,sales_only,226,SPECIAL-D,34,8,10,10,0,0,1,31,11,10.428571,7200,1600,560,24.8
0,base,sales_only,227,SPECIAL-D,31,11,11,11,0,0,3,28,14,10.5,7920,1760,1680,22.400000000000002
0,base,sales_only,228,SPECIAL-D,28,14,15,15,0,0,0,27,17,10.785714,10800,2400,0,21.6
0,base,sales_only,229,SPECIAL-D,27,17,13,13,0,0,0,31,13,10.821429,9360,2080,0,24.8
0,base,sales_only,230,SPECIAL-D,31,13,8,8,0,0,0,36,8,10.964286,5760,1280,0,28.8
0,base,sales_only,231,SPECIAL-D,36,0,12,12,0,0,0,24,13,11.142857,8640,1920,0,19.200000000000003
0,base,sales_only,232,SPECIAL-D,24,13,6,6,0,0,0,31,5,10.857143,4320,960,0,24.8
0,base,sales_only,233,SPECIAL-D,31,13,8,8,0,0,5,31,12,10.75,5760,1280,2800,24.8
0,base,sales_only,234,SPECIAL-D,31,0,12,12,0,0,5,14,18,10.892857,8640,1920,2800,11.200000000000001
0,base,sales_only,235,SPECIAL-D,14,18,5,5,0,0,0,27,3,10.5,3600,800,0,21.6
0,base,sales_only,236,SPECIAL-D,27,12,8,8,0,0,0,31,8,10.428571,5760,1280,0,24.8
0,base,sales_only,237,SPECIAL-D,31,8,6,6,0,0,1,32,7,10.392857,4320,960,560,25.6
0,base,sales_only,238,SPECIAL-D,32,10,14,14,0,0,0,28,15,10.642857,10080,2240,0,22.400000000000002
0,base,sales_only,239,SPECIAL-D,28,15,10,10,0,0,0,33,10,10.75,7200,1600,0,26.400000000000002
0,base,half_logged,0,BEEF-A,135,0,53,53,0,0,0,82,130,53,31270,8480,0,65.60000000000001
0,base,half_logged,1,BEEF-A,82,0,85,82,3,2,0,0,144,68.5,48380,13120,0,0.0
0,base,half_logged,2,BEEF-A,0,144,40,40,0,0,0,104,2,59,23600,6400,0,83.2
0,base,half_logged,3,BEEF-A,104,130,46,46,0,0,0,188,33,55.75,27140,7360,0,150.4
0,base,half_logged,4,BEEF-A,188,0,54,54,0,0,0,134,53,55.4,31860,8640,0,107.2
0,base,half_logged,5,BEEF-A,134,55,31,31,0,0,0,158,15,51.333333,18290,4960,0,126.4
0,base,half_logged,6,BEEF-A,158,48,36,36,0,0,0,170,27,49.142857,21240,5760,0,136.0
0,base,half_logged,7,BEEF-A,170,0,39,39,0,0,0,131,34,47.875,23010,6240,0,104.80000000000001
0,base,half_logged,8,BEEF-A,131,34,27,27,0,0,0,138,18,45.555556,15930,4320,0,110.4
0,base,half_logged,9,BEEF-A,138,45,31,31,0,0,1,151,26,44.1,18290,4960,430,120.80000000000001
0,base,half_logged,10,BEEF-A,151,26,22,22,0,0,0,155,14,42.090909,12980,3520,0,124.0
0,base,half_logged,11,BEEF-A,155,14,51,51,0,0,2,116,56,42.833333,30090,8160,860,92.80000000000001
0,base,half_logged,12,BEEF-A,116,56,45,45,0,0,0,127,45,43,26550,7200,0,101.60000000000001
0,base,half_logged,13,BEEF-A,127,45,52,52,0,0,0,120,55,43.642857,30680,8320,0,96.0
0,base,half_logged,14,BEEF-A,120,55,33,33,0,0,0,142,30,42.933333,19470,5280,0,113.60000000000001
0,base,half_logged,15,BEEF-A,142,0,17,17,0,0,0,125,11,41.3125,10030,2720,0,100.0
0,base,half_logged,16,BEEF-A,125,11,63,63,0,0,0,73,68,42.588235,37170,10080,0,58.400000000000006
0,base,half_logged,17,BEEF-A,73,98,29,29,0,0,0,142,26,41.833333,17110,4640,0,113.60000000000001
0,base,half_logged,18,BEEF-A,142,26,70,70,0,0,0,98,76,43.315789,41300,11200,0,78.4
0,base,half_logged,19,BEEF-A,98,76,63,63,0,0,0,111,67,44.3,37170,10080,0,88.80000000000001
0,base,half_logged,20,BEEF-A,111,67,26,26,0,0,0,152,22,43.428571,15340,4160,0,121.60000000000001
0,base,half_logged,21,BEEF-A,152,22,47,47,0,0,0,127,48,43.590909,27730,7520,0,101.60000000000001
0,base,half_logged,22,BEEF-A,127,48,41,41,0,0,0,134,40,43.478261,24190,6560,0,107.2
0,base,half_logged,23,BEEF-A,134,40,38,38,0,0,0,136,37,43.25,22420,6080,0,108.80000000000001
0,base,half_logged,24,BEEF-A,136,0,29,29,0,0,0,107,27,42.68,17110,4640,0,85.60000000000001
0,base,half_logged,25,BEEF-A,107,27,52,52,0,0,0,82,54,43.038462,30680,8320,0,65.60000000000001
0,base,half_logged,26,BEEF-A,82,91,38,38,0,0,0,135,37,42.851852,22420,6080,0,108.0
0,base,half_logged,27,BEEF-A,135,0,35,35,0,0,0,100,34,42.571429,20650,5600,0,80.0
0,base,half_logged,28,BEEF-A,100,34,51,51,0,0,0,83,50,42.5,30090,8160,0,66.4
0,base,half_logged,29,BEEF-A,83,87,30,30,0,0,0,140,23,40.571429,17700,4800,0,112.0
0,base,half_logged,30,BEEF-A,140,23,32,32,0,0,0,131,31,40.285714,18880,5120,0,104.80000000000001
0,base,half_logged,31,BEEF-A,131,31,34,34,0,0,0,128,32,39.857143,20060,5440,0,102.4
0,base,half_logged,32,BEEF-A,128,32,34,34,0,0,0,126,31,39.142857,20060,5440,0,100.80000000000001
0,base,half_logged,33,BEEF-A,126,31,56,56,0,0,0,101,60,40.035714,33040,8960,0,80.80000000000001
0,base,half_logged,34,BEEF-A,101,60,39,39,0,0,0,122,39,40.142857,23010,6240,0,97.60000000000001
0,base,half_logged,35,BEEF-A,122,39,19,19,0,0,0,142,16,39.428571,11210,3040,0,113.60000000000001
0,base,half_logged,36,BEEF-A,142,0,27,27,0,0,0,115,27,39.428571,15930,4320,0,92.0
0,base,half_logged,37,BEEF-A,115,27,23,23,0,0,0,119,22,39.142857,13570,3680,0,95.2
0,base,half_logged,38,BEEF-A,119,38,55,55,0,0,0,102,60,40.321429,32450,8800,0,81.60000000000001
0,base,half_logged,39,BEEF-A,102,0,34,34,0,0,0,68,31,39.714286,20060,5440,0,54.400000000000006
0,base,half_logged,40,BEEF-A,68,31,55,55,0,0,0,44,57,40.071429,32450,8800,0,35.2
0,base,half_logged,41,BEEF-A,44,117,43,43,0,0,0,118,41,39.75,25370,6880,0,94.4
0,base,half_logged,42,BEEF-A,118,41,45,45,0,0,0,114,47,40.178571,26550,7200,0,91.2
0,base,half_logged,43,BEEF-A,114,47,48,48,0,0,0,113,53,41.285714,28320,7680,0,90.4
0,base,half_logged,44,BEEF-A,113,0,52,52,0,0,0,61,50,40.892857,30680,8320,0,48.800000000000004
0,base,half_logged,45,BEEF-A,61,50,54,54,0,0,0,57,58,41.785714,31860,8640,0,45.6
0,base,half_logged,46,BEEF-A,57,53,46,46,0,0,0,64,42,40.928571,27140,7360,0,51.2
0,base,half_logged,47,BEEF-A,64,42,123,106,17,8,0,0,113,42.75,62540,16960,0,0.0
0,base,half_logged,48,BEEF-A,0,171,20,20,0,0,0,151,20,42.535714,11800,3200,0,120.80000000000001
0,base,half_logged,49,BEEF-A,151,20,50,50,0,0,0,121,50,42.642857,29500,8000,0,96.80000000000001
0,base,half_logged,50,BEEF-A,121,0,43,43,0,0,0,78,43,42.714286,25370,6880,0,62.400000000000006
0,base,half_logged,51,BEEF-A,78,43,34,34,0,0,0,87,34,42.571429,20060,5440,0,69.60000000000001
0,base,half_logged,52,BEEF-A,87,84,48,48,0,0,0,123,50,43.25,28320,7680,0,98.4
0,base,half_logged,53,BEEF-A,123,0,48,48,0,0,0,75,48,43.107143,28320,7680,0,60.0
0,base,half_logged,54,BEEF-A,75,48,32,32,0,0,0,91,31,42.892857,18880,5120,0,72.8
0,base,half_logged,55,BEEF-A,91,81,30,30,0,0,0,142,29,42.714286,17700,4800,0,113.60000000000001
0,base,half_logged,56,BEEF-A,142,29,47,47,0,0,0,124,47,42.571429,27730,7520,0,99.2
0,base,half_logged,57,BEEF-A,124,47,47,47,0,0,0,124,49,43.178571,27730,7520,0,99.2
0,base,half_logged,58,BEEF-A,124,49,24,24,0,0,0,149,23,42.892857,14160,3840,0,119.2
0,base,half_logged,59,BEEF-A,149,23,38,38,0,0,0,134,39,43.035714,22420,6080,0,107.2
0,base,half_logged,60,BEEF-A,134,39,54,54,0,0,0,119,56,43.75,31860,8640,0,95.2
0,base,half_logged,61,BEEF-A,119,56,52,52,0,0,0,123,52,43.607143,30680,8320,0,98.4
0,base,half_logged,62,BEEF-A,123,52,25,25,0,0,0,150,23,43.107143,14750,4000,0,120.0
0,base,half_logged,63,BEEF-A,150,0,40,40,0,0,0,110,43,43.857143,23600,6400,0,88.0
0,base,half_logged,64,BEEF-A,110,43,26,26,0,0,0,127,26,43.821429,15340,4160,0,101.60000000000001
0,base,half_logged,65,BEEF-A,127,49,41,41,0,0,0,135,43,44.464286,24190,6560,0,108.0
0,base,half_logged,66,BEEF-A,135,43,31,31,0,0,0,147,28,43.607143,18290,4960,0,117.60000000000001
0,base,half_logged,67,BEEF-A,147,28,44,44,0,0,0,131,45,43.964286,25960,7040,0,104.80000000000001
0,base,half_logged,68,BEEF-A,131,45,46,46,0,0,0,130,45,43.642857,27140,7360,0,104.0
0,base,half_logged,69,BEEF-A,130,45,17,17,0,0,0,158,13,42.714286,10030,2720,0,126.4
0,base,half_logged,70,BEEF-A,158,13,48,48,0,0,0,123,49,42.821429,28320,7680,0,98.4
0,base,half_logged,71,BEEF-A,123,49,50,50,0,0,0,122,50,42.892857,29500,8000,0,97.60000000000001
0,base,half_logged,72,BEEF-A,122,50,67,67,0,0,0,105,69,43.428571,39530,10720,0,84.0
0,base,half_logged,73,BEEF-A,105,69,36,36,0,0,0,138,34,42.785714,21240,5760,0,110.4
0,base,half_logged,74,BEEF-A,138,34,38,38,0,0,0,134,36,42.5,22420,6080,0,107.2
0,base,half_logged,75,BEEF-A,134,36,57,57,0,0,0,113,49,40.464286,33630,9120,0,90.4
0,base,half_logged,76,BEEF-A,113,49,46,46,0,0,0,116,50,41.392857,27140,7360,0,92.80000000000001
0,base,half_logged,77,BEEF-A,116,50,32,32,0,0,0,134,29,40.75,18880,5120,0,107.2
0,base,half_logged,78,BEEF-A,134,29,27,27,0,0,0,136,25,40.178571,15930,4320,0,108.80000000000001
0,base,half_logged,79,BEEF-A,136,25,56,56,0,0,0,105,59,40.964286,33040,8960,0,84.0
0,base,half_logged,80,BEEF-A,105,59,81,81,0,0,0,83,86,42.142857,47790,12960,0,66.4
0,base,half_logged,81,BEEF-A,83,86,25,25,0,0,0,144,22,41.321429,14750,4000,0,115.2
0,base,half_logged,82,BEEF-A,144,22,37,37,0,0,0,129,37,41.5,21830,5920,0,103.2
0,base,half_logged,83,BEEF-A,129,37,36,36,0,0,0,130,37,41.714286,21240,5760,0,104.0
0,base,half_logged,84,BEEF-A,130,37,65,65,0,0,0,102,68,42.357143,38350,10400,0,81.60000000000001
0,base,half_logged,85,BEEF-A,102,68,30,30,0,0,0,140,27,41.75,17700,4800,0,112.0
0,base,half_logged,86,BEEF-A,140,27,40,40,0,0,0,127,43,42.321429,23600,6400,0,101.60000000000001
0,base,half_logged,87,BEEF-A,127,43,54,54,0,0,0,116,56,42.892857,31860,8640,0,92.80000000000001
0,base,half_logged,88,BEEF-A,116,56,50,50,0,0,0,122,49,42.75,29500,8000,0,97.60000000000001
0,base,half_logged,89,BEEF-A,122,0,47,47,0,0,0,75,47,42.571429,27730,7520,0,60.0
0,base,half_logged,90,BEEF-A,75,47,19,19,0,0,0,103,18,42.357143,11210,3040,0,82.4
0,base,half_logged,91,BEEF-A,103,67,36,36,0,0,0,134,35,42.214286,21240,5760,0,107.2
0,base,half_logged,92,BEEF-A,134,35,57,57,0,0,0,112,62,43.321429,33630,9120,0,89.60000000000001
0,base,half_logged,93,BEEF-A,112,62,44,44,0,0,0,130,44,43.428571,25960,7040,0,104.0
0,base,half_logged,94,BEEF-A,130,0,45,45,0,0,0,85,47,43.928571,26550,7200,0,68.0
0,base,half_logged,95,BEEF-A,85,47,41,41,0,0,0,91,41,43.821429,24190,6560,0,72.8
0,base,half_logged,96,BEEF-A,91,44,57,57,0,0,0,78,58,44.214286,33630,9120,0,62.400000000000006
0,base,half_logged,97,BEEF-A,78,58,16,16,0,0,0,120,16,44.178571,9440,2560,0,96.0
0,base,half_logged,98,BEEF-A,120,57,29,29,0,0,0,148,26,43.5,17110,4640,0,118.4
0,base,half_logged,99,BEEF-A,148,26,25,25,0,0,0,149,22,42.607143,14750,4000,0,119.2
0,base,half_logged,100,BEEF-A,149,22,110,110,0,0,0,61,116,44.142857,64900,17600,0,48.800000000000004
0,base,half_logged,101,BEEF-A,61,116,46,46,0,0,0,131,47,44.5,27140,7360,0,104.80000000000001
0,base,half_logged,102,BEEF-A,131,47,53,53,0,0,0,125,56,45.035714,31270,8480,0,100.0
0,base,half_logged,103,BEEF-A,125,56,63,63,0,0,0,118,63,45.25,37170,10080,0,94.4
0,base,half_logged,104,BEEF-A,118,63,17,17,0,0,0,164,13,44.214286,10030,2720,0,131.20000000000002
0,base,half_logged,105,BEEF-A,164,13,23,23,0,0,0,154,22,43.892857,13570,3680,0,123.2
0,base,half_logged,106,BEEF-A,154,22,58,58,0,0,0,118,62,45,34220,9280,0,94.4
0,base,half_logged,107,BEEF-A,118,62,29,29,0,0,0,151,26,44.035714,17110,4640,0,120.80000000000001
0,base,half_logged,108,BEEF-A,151,26,79,79,0,0,0,98,78,43.964286,46610,12640,0,78.4
0,base,half_logged,109,BEEF-A,98,0,28,28,0,0,0,70,29,44.071429,16520,4480,0,56.0
0,base,half_logged,110,BEEF-A,70,29,48,48,0,0,0,51,49,44.464286,28320,7680,0,40.800000000000004
0,base,half_logged,111,BEEF-A,51,127,28,28,0,0,0,150,27,44.178571,16520,4480,0,120.0
0,base,half_logged,112,BEEF-A,150,27,63,63,0,0,0,114,63,44.107143,37170,10080,0,91.2
0,base,half_logged,113,BEEF-A,114,0,17,17,0,0,0,97,15,43.642857,10030,2720,0,77.60000000000001
0,base,half_logged,114,BEEF-A,97,15,38,38,0,0,0,74,38,43.571429,22420,6080,0,59.2
0,base,half_logged,115,BEEF-A,74,101,37,37,0,0,0,138,34,42.964286,21830,5920,0,110.4
0,base,half_logged,116,BEEF-A,138,34,72,72,0,0,0,100,75,43.75,42480,11520,0,80.0
0,base,half_logged,117,BEEF-A,100,0,91,91,0,0,0,9,98,45.321429,53690,14560,0,7.2
0,base,half_logged,118,BEEF-A,9,98,34,34,0,0,0,73,36,45.857143,20060,5440,0,58.400000000000006
0,base,half_logged,119,BEEF-A,73,111,28,28,0,0,0,156,27,45.571429,16520,4480,0,124.80000000000001
0,base,half_logged,120,BEEF-A,156,27,39,39,0,0,0,144,36,44.928571,23010,6240,0,115.2
0,base,half_logged,121,BEEF-A,144,36,77,77,0,0,0,103,82,46.107143,45430,12320,0,82.4
0,base,half_logged,122,BEEF-A,103,82,48,48,0,0,0,137,48,46.214286,28320,7680,0,109.60000000000001
0,base,half_logged,123,BEEF-A,137,0,84,84,0,0,0,53,90,47.75,49560,13440,0,42.400000000000006
0,base,half_logged,124,BEEF-A,53,90,82,82,0,0,0,61,86,48.642857,48380,13120,0,48.800000000000004
0,base,half_logged,125,BEEF-A,61,134,26,26,0,0,0,169,27,49,15340,4160,0,135.20000000000002
0,base,half_logged,126,BEEF-A,169,27,146,146,0,0,0,50,163,53.178571,86140,23360,0,40.0
0,base,half_logged,127,BEEF-A,50,163,39,39,0,0,0,174,41,53.678571,23010,6240,0,139.20000000000002
0,base,half_logged,128,BEEF-A,174,41,32,32,0,0,0,183,21,50.892857,18880,5120,0,146.4
0,base,half_logged,129,BEEF-A,183,21,61,61,0,0,0,143,63,51.428571,35990,9760,0,114.4
0,base,half_logged,130,BEEF-A,143,63,79,79,0,0,0,127,83,52.357143,46610,12640,0,101.60000000000001
0,base,half_logged,131,BEEF-A,127,83,47,47,0,0,0,163,45,51.785714,27730,7520,0,130.4
0,base,half_logged,132,BEEF-A,163,45,34,34,0,0,0,174,36,52.392857,20060,5440,0,139.20000000000002
0,base,half_logged,133,BEEF-A,174,36,35,35,0,0,0,175,37,52.821429,20650,5600,0,140.0
0,base,half_logged,134,BEEF-A,175,37,27,27,0,0,0,185,22,51.714286,15930,4320,0,148.0
0,base,half_logged,135,BEEF-A,185,22,61,61,0,0,0,146,66,52.857143,35990,9760,0,116.80000000000001
0,base,half_logged,136,BEEF-A,146,66,70,70,0,0,0,142,69,52.535714,41300,11200,0,113.60000000000001
0,base,half_logged,137,BEEF-A,142,69,118,118,0,0,0,93,130,55.75,69620,18880,0,74.4
0,base,half_logged,138,BEEF-A,93,130,96,96,0,0,0,127,103,57.464286,56640,15360,0,101.60000000000001
0,base,half_logged,139,BEEF-A,127,0,109,109,0,0,0,18,121,60.357143,64310,17440,0,14.4
0,base,half_logged,140,BEEF-A,18,121,26,26,0,0,0,113,21,59.035714,15340,4160,0,90.4
0,base,half_logged,141,BEEF-A,113,124,30,30,0,0,0,207,31,59.5,17700,4800,0,165.60000000000002
0,base,half_logged,142,BEEF-A,207,31,66,66,0,0,0,172,70,60.5,38940,10560,0,137.6
0,base,half_logged,143,BEEF-A,172,70,57,57,0,0,0,185,60,61.214286,33630,9120,0,148.0
0,base,half_logged,144,BEEF-A,185,60,79,79,0,0,0,166,80,61.464286,46610,12640,0,132.8
0,base,half_logged,145,BEEF-A,166,80,66,66,0,0,0,180,63,60.571429,38940,10560,0,144.0
0,base,half_logged,146,BEEF-A,180,63,41,41,0,0,0,202,42,60.821429,24190,6560,0,161.60000000000002
0,base,half_logged,147,BEEF-A,202,42,63,63,0,0,0,181,68,62.071429,37170,10080,0,144.8
0,base,half_logged,148,BEEF-A,181,68,39,39,0,0,0,210,39,62.071429,23010,6240,0,168.0
0,base,half_logged,149,BEEF-A,210,39,29,29,0,0,0,220,22,60.357143,17110,4640,0,176.0
0,base,half_logged,150,BEEF-A,220,22,30,30,0,0,0,212,27,59.714286,17700,4800,0,169.60000000000002
0,base,half_logged,151,BEEF-A,212,27,70,70,0,0,0,169,68,59.214286,41300,11200,0,135.20000000000002
0,base,half_logged,152,BEEF-A,169,68,67,67,0,0,0,170,65,58.678571,39530,10720,0,136.0
0,base,half_logged,153,BEEF-A,170,65,25,25,0,0,0,210,25,58.642857,14750,4000,0,168.0
0,base,half_logged,154,BEEF-A,210,25,121,121,0,0,0,114,117,57.75,71390,19360,0,91.2
0,base,half_logged,155,BEEF-A,114,0,101,101,0,0,0,13,110,59.964286,59590,16160,0,10.4
0,base,half_logged,156,BEEF-A,13,110,41,41,0,0,0,82,43,60.285714,24190,6560,0,65.60000000000001
0,base,half_logged,157,BEEF-A,82,160,30,30,0,0,0,212,25,59.178571,17700,4800,0,169.60000000000002
0,base,half_logged,158,BEEF-A,212,25,57,57,0,0,0,180,54,58.392857,33630,9120,0,144.0
0,base,half_logged,159,BEEF-A,180,54,78,78,0,0,0,156,82,59.5,46020,12480,0,124.80000000000001
0,base,half_logged,160,BEEF-A,156,82,41,41,0,0,0,197,42,59.75,24190,6560,0,157.60000000000002
0,base,half_logged,161,BEEF-A,197,42,78,78,0,0,0,161,85,61.285714,46020,12480,0,128.8
0,base,half_logged,162,BEEF-A,161,0,38,38,0,0,0,123,39,61.678571,22420,6080,0,98.4
0,base,half_logged,163,BEEF-A,123,39,51,51,0,0,0,111,50,61.321429,30090,8160,0,88.80000000000001
0,base,half_logged,164,BEEF-A,111,135,73,73,0,0,0,173,73,61.428571,43070,11680,0,138.4
0,base,half_logged,165,BEEF-A,173,73,61,61,0,0,0,185,53,59.392857,35990,9760,0,148.0
0,base,half_logged,166,BEEF-A,185,53,68,68,0,0,0,170,64,58.392857,40120,10880,0,136.0
0,base,half_logged,167,BEEF-A,170,64,39,39,0,0,0,195,29,55.892857,23010,6240,0,156.0
0,base,half_logged,168,BEEF-A,195,29,35,35,0,0,0,189,36,56.214286,20650,5600,0,151.20000000000002
0,base,half_logged,169,BEEF-A,189,36,47,47,0,0,0,178,50,56.821429,27730,7520,0,142.4
0,base,half_logged,170,BEEF-A,178,50,41,41,0,0,0,187,37,55.928571,24190,6560,0,149.6
0,base,half_logged,171,BEEF-A,187,37,64,64,0,0,0,160,65,56.178571,37760,10240,0,128.0
0,base,half_logged,172,BEEF-A,160,65,95,95,0,0,0,130,97,56.75,56050,15200,0,104.0
0,base,half_logged,173,BEEF-A,130,0,105,105,0,0,0,25,111,58.142857,61950,16800,0,20.0
0,base,half_logged,174,BEEF-A,25,111,30,30,0,0,0,106,28,57.75,17700,4800,0,84.80000000000001
0,base,half_logged,175,BEEF-A,106,125,44,44,0,0,0,187,42,57.071429,25960,7040,0,149.6
0,base,half_logged,176,BEEF-A,187,42,45,45,0,0,0,184,46,57.285714,26550,7200,0,147.20000000000002
0,base,half_logged,177,BEEF-A,184,46,37,37,0,0,0,193,38,57.571429,21830,5920,0,154.4
0,base,half_logged,178,BEEF-A,193,0,91,91,0,0,0,102,99,59.75,53690,14560,0,81.60000000000001
0,base,half_logged,179,BEEF-A,102,99,57,57,0,0,0,144,56,59.285714,33630,9120,0,115.2
0,base,half_logged,180,BEEF-A,144,94,181,181,0,0,0,57,197,63.357143,106790,28960,0,45.6
0,base,half_logged,181,BEEF-A,57,197,31,31,0,0,0,223,32,63.571429,18290,4960,0,178.4
0,base,half_logged,182,BEEF-A,223,32,55,55,0,0,0,200,45,61.214286,32450,8800,0,160.0
0,base,half_logged,183,BEEF-A,200,0,65,65,0,0,0,135,60,59.928571,38350,10400,0,108.0
0,base,half_logged,184,BEEF-A,135,60,49,49,0,0,0,146,50,60.214286,28910,7840,0,116.80000000000001
0,base,half_logged,185,BEEF-A,146,95,63,63,0,0,0,178,68,61.392857,37170,10080,0,142.4
0,base,half_logged,186,BEEF-A,178,68,56,56,0,0,0,190,56,61.357143,33040,8960,0,152.0
0,base,half_logged,187,BEEF-A,190,0,62,62,0,0,0,128,60,60.785714,36580,9920,0,102.4
0,base,half_logged,188,BEEF-A,128,60,29,29,0,0,0,159,27,60.357143,17110,4640,0,127.2
0,base,half_logged,189,BEEF-A,159,83,33,33,0,0,0,209,26,58.75,19470,5280,0,167.20000000000002
0,base,half_logged,190,BEEF-A,209,26,31,31,0,0,0,204,30,58.5,18290,4960,0,163.20000000000002
0,base,half_logged,191,BEEF-A,204,30,60,60,0,0,0,174,62,58.821429,35400,9600,0,139.20000000000002
0,base,half_logged,192,BEEF-A,174,0,72,72,0,0,0,102,72,58.785714,42480,11520,0,81.60000000000001
0,base,half_logged,193,BEEF-A,102,0,94,94,0,0,0,8,98,59.964286,55460,15040,0,6.4
0,base,half_logged,194,BEEF-A,8,160,77,77,0,0,0,91,79,60.285714,45430,12320,0,72.8
0,base,half_logged,195,BEEF-A,91,151,24,24,0,0,0,218,21,59.75,14160,3840,0,174.4
0,base,half_logged,196,BEEF-A,218,21,34,34,0,0,0,205,34,59.714286,20060,5440,0,164.0
0,base,half_logged,197,BEEF-A,205,34,50,50,0,0,0,189,51,59.821429,29500,8000,0,151.20000000000002
0,base,half_logged,198,BEEF-A,189,51,88,88,0,0,0,152,94,61.5,51920,14080,0,121.60000000000001
0,base,half_logged,199,BEEF-A,152,94,62,62,0,0,0,184,62,61.428571,36580,9920,0,147.20000000000002
0,base,half_logged,200,BEEF-A,184,62,107,107,0,0,0,139,109,61.857143,63130,17120,0,111.2
0,base,half_logged,201,BEEF-A,139,109,136,136,0,0,0,112,140,62.964286,80240,21760,0,89.60000000000001
0,base,half_logged,202,BEEF-A,112,140,25,25,0,0,0,227,25,62.785714,14750,4000,0,181.60000000000002
0,base,half_logged,203,BEEF-A,227,25,32,32,0,0,0,220,30,62.357143,18880,5120,0,176.0
0,base,half_logged,204,BEEF-A,220,30,64,64,0,0,0,186,67,63.035714,37760,10240,0,148.8
0,base,half_logged,205,BEEF-A,186,67,55,55,0,0,0,198,57,63.678571,32450,8800,0,158.4
0,base,half_logged,206,BEEF-A,198,57,73,73,0,0,0,182,71,63.035714,43070,11680,0,145.6
0,base,half_logged,207,BEEF-A,182,71,127,127,0,0,0,126,137,65.535714,74930,20320,0,100.80000000000001
0,base,half_logged,208,BEEF-A,126,137,90,90,0,0,0,173,77,62.285714,53100,14400,0,138.4
0,base,half_logged,209,BEEF-A,173,77,31,31,0,0,0,219,31,62.285714,18290,4960,0,175.20000000000002
0,base,half_logged,210,BEEF-A,219,31,26,26,0,0,0,224,21,61.25,15340,4160,0,179.20000000000002
0,base,half_logged,211,BEEF-A,224,0,33,33,0,0,0,191,29,60.107143,19470,5280,0,152.8
0,base,half_logged,212,BEEF-A,191,29,33,33,0,0,0,187,31,59.535714,19470,5280,0,149.6
0,base,half_logged,213,BEEF-A,187,21,47,47,0,0,0,161,44,58.964286,27730,7520,0,128.8
0,base,half_logged,214,BEEF-A,161,44,76,76,0,0,3,126,82,59.678571,44840,12160,1290,100.80000000000001
0,base,half_logged,215,BEEF-A,126,113,127,127,0,0,1,111,137,62,74930,20320,430,88.80000000000001
0,base,half_logged,216,BEEF-A,111,137,24,24,0,0,0,224,24,61.821429,14160,3840,0,179.20000000000002
0,base,half_logged,217,BEEF-A,224,24,74,74,0,0,0,174,80,63.285714,43660,11840,0,139.20000000000002
0,base,half_logged,218,BEEF-A,174,80,38,38,0,0,0,216,39,63.535714,22420,6080,0,172.8
0,base,half_logged,219,BEEF-A,216,39,60,60,0,0,0,195,60,63.535714,35400,9600,0,156.0
0,base,half_logged,220,BEEF-A,195,60,48,48,0,0,0,207,44,62.678571,28320,7680,0,165.60000000000002
0,base,half_logged,221,BEEF-A,207,0,52,52,0,0,0,155,46,61.178571,30680,8320,0,124.0
0,base,half_logged,222,BEEF-A,155,46,82,82,0,0,0,119,83,61.357143,48380,13120,0,95.2
0,base,half_logged,223,BEEF-A,119,127,51,51,0,0,0,195,55,62.321429,30090,8160,0,156.0
0,base,half_logged,224,BEEF-A,195,55,38,38,0,0,0,212,38,62.464286,22420,6080,0,169.60000000000002
0,base,half_logged,225,BEEF-A,212,38,50,50,0,0,0,200,50,62.464286,29500,8000,0,160.0
0,base,half_logged,226,BEEF-A,200,50,45,45,0,0,0,205,39,60.928571,26550,7200,0,164.0
0,base,half_logged,227,BEEF-A,205,39,82,82,0,0,0,162,85,61.642857,48380,13120,0,129.6
0,base,half_logged,228,BEEF-A,162,0,67,67,0,0,0,95,61,60.214286,39530,10720,0,76.0
0,base,half_logged,229,BEEF-A,95,61,50,50,0,0,0,106,38,57.142857,29500,8000,0,84.80000000000001
0,base,half_logged,230,BEEF-A,106,123,19,19,0,0,0,210,18,56.928571,11210,3040,0,168.0
0,base,half_logged,231,BEEF-A,210,18,94,94,0,0,0,134,103,59.142857,55460,15040,0,107.2
0,base,half_logged,232,BEEF-A,134,103,41,41,0,0,0,196,38,58.321429,24190,6560,0,156.8
0,base,half_logged,233,BEEF-A,196,0,139,139,0,0,0,57,151,61.321429,82010,22240,0,45.6
0,base,half_logged,234,BEEF-A,57,0,39,39,0,0,0,18,34,60.107143,23010,6240,0,14.4
0,base,half_logged,235,BEEF-A,18,38,73,56,17,8,0,0,47,57.857143,33040,8960,0,0.0
0,base,half_logged,236,BEEF-A,0,198,47,47,0,0,0,151,41,56.321429,27730,7520,0,120.80000000000001
0,base,half_logged,237,BEEF-A,151,75,47,47,0,0,0,179,49,56.892857,27730,7520,0,143.20000000000002
0,base,half_logged,238,BEEF-A,179,49,103,103,0,0,0,125,114,59.642857,60770,16480,0,100.0
0,base,half_logged,239,BEEF-A,125,0,36,36,0,0,0,89,36,59.75,21240,5760,0,71.2
0,base,half_logged,0,CHICKEN-B,114,0,43,43,0,0,0,71,101,43,17630,5160,0,56.800000000000004
0,base,half_logged,1,CHICKEN-B,71,0,31,31,0,0,0,40,7,37,12710,3720,0,32.0
0,base,half_logged,2,CHICKEN-B,40,7,56,47,9,4,0,0,66,41.666667,19270,5640,0,0.0
0,base,half_logged,3,CHICKEN-B,0,167,68,68,0,0,0,99,94,48.25,27880,8160,0,79.2
0,base,half_logged,4,CHICKEN-B,99,94,33,33,0,0,0,160,21,45.2,13530,3960,0,128.0
0,base,half_logged,5,CHICKEN-B,160,21,60,60,0,0,0,121,70,47.666667,24600,7200,0,96.80000000000001
0,base,half_logged,6,CHICKEN-B,121,70,26,26,0,0,0,165,14,44.571429,10660,3120,0,132.0
0,base,half_logged,7,CHICKEN-B,165,14,65,65,0,0,0,114,75,47.125,26650,7800,0,91.2
0,base,half_logged,8,CHICKEN-B,114,75,26,26,0,0,0,163,17,44.777778,10660,3120,0,130.4
0,base,half_logged,9,CHICKEN-B,163,17,16,16,0,0,0,164,4,41.9,6560,1920,0,131.20000000000002
0,base,half_logged,10,CHICKEN-B,164,4,24,24,0,0,0,144,18,40.272727,9840,2880,0,115.2
0,base,half_logged,11,CHICKEN-B,144,18,36,36,0,0,34,92,68,39.916667,14760,4320,9860,73.60000000000001
0,base,half_logged,12,CHICKEN-B,92,68,53,53,0,0,0,107,57,40.923077,21730,6360,0,85.60000000000001
0,base,half_logged,13,CHICKEN-B,107,0,39,39,0,0,0,68,39,40.785714,15990,4680,0,54.400000000000006
0,base,half_logged,14,CHICKEN-B,68,39,51,51,0,0,0,56,53,41.466667,20910,6120,0,44.800000000000004
0,base,half_logged,15,CHICKEN-B,56,110,54,54,0,0,0,112,57,42.25,22140,6480,0,89.60000000000001
0,base,half_logged,16,CHICKEN-B,112,0,21,21,0,0,0,91,16,41,8610,2520,0,72.8
0,base,half_logged,17,CHICKEN-B,91,16,9,9,0,0,0,98,2,39.222222,3690,1080,0,78.4
0,base,half_logged,18,CHICKEN-B,98,59,59,59,0,0,0,98,64,40.263158,24190,7080,0,78.4
0,base,half_logged,19,CHICKEN-B,98,64,33,33,0,0,0,129,31,39.9,13530,3960,0,103.2
0,base,half_logged,20,CHICKEN-B,129,31,37,37,0,0,0,123,37,39.761905,15170,4440,0,98.4
0,base,half_logged,21,CHICKEN-B,123,0,47,47,0,0,0,76,48,40.090909,19270,5640,0,60.800000000000004
0,base,half_logged,22,CHICKEN-B,76,48,29,29,0,0,0,95,27,39.608696,11890,3480,0,76.0
0,base,half_logged,23,CHICKEN-B,95,64,34,34,0,0,0,125,33,39.375,13940,4080,0,100.0
0,base,half_logged,24,CHICKEN-B,125,0,46,46,0,0,0,79,47,39.64,18860,5520,0,63.2
0,base,half_logged,25,CHICKEN-B,79,47,47,47,0,0,0,79,48,39.923077,19270,5640,0,63.2
0,base,half_logged,26,CHICKEN-B,79,81,48,48,0,0,0,112,49,40.222222,19680,5760,0,89.60000000000001
0,base,half_logged,27,CHICKEN-B,112,49,63,63,0,0,0,98,67,41.035714,25830,7560,0,78.4
0,base,half_logged,28,CHICKEN-B,98,67,37,37,0,0,0,128,36,40.821429,15170,4440,0,102.4
0,base,half_logged,29,CHICKEN-B,128,0,43,43,0,0,0,85,44,41.25,17630,5160,0,68.0
0,base,half_logged,30,CHICKEN-B,85,0,38,38,0,0,0,47,37,40.785714,15580,4560,0,37.6
0,base,half_logged,31,CHICKEN-B,47,73,62,62,0,0,0,58,61,40.571429,25420,7440,0,46.400000000000006
0,base,half_logged,32,CHICKEN-B,58,105,27,27,0,0,0,136,26,40.357143,11070,3240,0,108.80000000000001
0,base,half_logged,33,CHICKEN-B,136,0,46,46,0,0,0,90,44,39.857143,18860,5520,0,72.0
0,base,half_logged,34,CHICKEN-B,90,44,37,37,0,0,0,97,38,40.25,15170,4440,0,77.60000000000001
0,base,half_logged,35,CHICKEN-B,97,64,31,31,0,0,0,130,27,39.035714,12710,3720,0,104.0
0,base,half_logged,36,CHICKEN-B,130,27,30,30,0,0,0,127,30,39.178571,12300,3600,0,101.60000000000001
0,base,half_logged,37,CHICKEN-B,127,30,32,32,0,0,0,125,34,39.75,13120,3840,0,100.0
0,base,half_logged,38,CHICKEN-B,125,34,32,32,0,0,0,127,34,40.035714,13120,3840,0,101.60000000000001
0,base,half_logged,39,CHICKEN-B,127,34,43,43,0,0,0,118,44,40.285714,17630,5160,0,94.4
0,base,half_logged,40,CHICKEN-B,118,44,38,38,0,0,0,124,35,39.75,15580,4560,0,99.2
0,base,half_logged,41,CHICKEN-B,124,35,23,23,0,0,0,136,21,39.178571,9430,2760,0,108.80000000000001
0,base,half_logged,42,CHICKEN-B,136,0,40,40,0,0,0,96,39,38.785714,16400,4800,0,76.80000000000001
0,base,half_logged,43,CHICKEN-B,96,0,25,25,0,0,0,71,20,37.75,10250,3000,0,56.800000000000004
0,base,half_logged,44,CHICKEN-B,71,41,35,35,0,0,0,77,37,38.25,14350,4200,0,61.6
0,base,half_logged,45,CHICKEN-B,77,76,35,35,0,0,1,117,40,39.178571,14350,4200,290,93.60000000000001
0,base,half_logged,46,CHICKEN-B,117,40,40,40,0,0,0,117,37,38.5,16400,4800,0,93.60000000000001
0,base,half_logged,47,CHICKEN-B,117,37,61,61,0,0,0,93,65,39.5,25010,7320,0,74.4
0,base,half_logged,48,CHICKEN-B,93,65,30,30,0,0,0,128,29,39.25,12300,3600,0,102.4
0,base,half_logged,49,CHICKEN-B,128,29,21,21,0,0,0,136,18,38.321429,8610,2520,0,108.80000000000001
0,base,half_logged,50,CHICKEN-B,136,18,29,29,0,0,0,125,29,38.321429,11890,3480,0,100.0
0,base,half_logged,51,CHICKEN-B,125,29,40,40,0,0,0,114,41,38.535714,16400,4800,0,91.2
0,base,half_logged,52,CHICKEN-B,114,41,62,62,0,0,0,93,64,39.107143,25420,7440,0,74.4
0,base,half_logged,53,CHICKEN-B,93,64,66,66,0,0,0,91,69,39.785714,27060,7920,0,72.8
0,base,half_logged,54,CHICKEN-B,91,69,53,53,0,0,0,107,53,39.964286,21730,6360,0,85.60000000000001
0,base,half_logged,55,CHICKEN-B,107,53,52,52,0,0,0,108,51,39.571429,21320,6240,0,86.4
0,base,half_logged,56,CHICKEN-B,108,51,40,40,0,0,0,119,40,39.678571,16400,4800,0,95.2
0,base,half_logged,57,CHICKEN-B,119,40,33,33,0,0,0,126,32,39.321429,13530,3960,0,100.80000000000001
0,base,half_logged,58,CHICKEN-B,126,32,42,42,0,0,0,116,42,39.464286,17220,5040,0,92.80000000000001
0,base,half_logged,59,CHICKEN-B,116,42,66,66,0,0,0,92,67,39.607143,27060,7920,0,73.60000000000001
0,base,half_logged,60,CHICKEN-B,92,0,36,36,0,0,0,56,37,39.928571,14760,4320,0,44.800000000000004
0,base,half_logged,61,CHICKEN-B,56,37,51,51,0,0,0,42,52,40.107143,20910,6120,0,33.6
0,base,half_logged,62,CHICKEN-B,42,119,39,39,0,0,0,122,39,40.178571,15990,4680,0,97.60000000000001
0,base,half_logged,63,CHICKEN-B,122,39,45,45,0,0,0,116,47,40.678571,18450,5400,0,92.80000000000001
0,base,half_logged,64,CHICKEN-B,116,0,51,51,0,0,0,65,54,41.428571,20910,6120,0,52.0
0,base,half_logged,65,CHICKEN-B,65,54,32,32,0,0,0,87,32,41.428571,13120,3840,0,69.60000000000001
0,base,half_logged,66,CHICKEN-B,87,79,65,65,0,0,0,101,70,42.607143,26650,7800,0,80.80000000000001
0,base,half_logged,67,CHICKEN-B,101,70,21,21,0,0,0,150,18,41.821429,8610,2520,0,120.0
0,base,half_logged,68,CHICKEN-B,150,18,35,35,0,0,0,133,34,41.714286,14350,4200,0,106.4
0,base,half_logged,69,CHICKEN-B,133,0,25,25,0,0,0,108,26,41.785714,10250,3000,0,86.4
0,base,half_logged,70,CHICKEN-B,108,26,21,21,0,0,0,113,18,41.107143,8610,2520,0,90.4
0,base,half_logged,71,CHICKEN-B,113,52,63,63,0,0,0,102,68,42.464286,25830,7560,0,81.60000000000001
0,base,half_logged,72,CHICKEN-B,102,68,40,40,0,0,6,124,47,42.642857,16400,4800,1740,99.2
0,base,half_logged,73,CHICKEN-B,124,47,20,20,0,0,0,151,18,42.107143,8200,2400,0,120.80000000000001
0,base,half_logged,74,CHICKEN-B,151,18,58,58,0,0,0,111,60,42.75,23780,6960,0,88.80000000000001
0,base,half_logged,75,CHICKEN-B,111,60,27,27,0,0,0,144,23,41.535714,11070,3240,0,115.2
0,base,half_logged,76,CHICKEN-B,144,23,15,15,0,0,0,152,12,41,6150,1800,0,121.60000000000001
0,base,half_logged,77,CHICKEN-B,152,0,20,20,0,0,4,128,24,40.964286,8200,2400,1160,102.4
0,base,half_logged,78,CHICKEN-B,128,24,38,38,0,0,27,87,67,41.285714,15580,4560,7830,69.60000000000001
0,base,half_logged,79,CHICKEN-B,87,79,47,47,0,0,0,119,48,41.535714,19270,5640,0,95.2
0,base,half_logged,80,CHICKEN-B,119,48,20,20,0,0,0,147,14,40.035714,8200,2400,0,117.60000000000001
0,base,half_logged,81,CHICKEN-B,147,14,37,37,0,0,0,124,32,39,15170,4440,0,99.2
0,base,half_logged,82,CHICKEN-B,124,0,62,62,0,0,0,62,64,39.321429,25420,7440,0,49.6
0,base,half_logged,83,CHICKEN-B,62,64,25,25,0,0,0,101,21,38.357143,10250,3000,0,80.80000000000001
0,base,half_logged,84,CHICKEN-B,101,53,32,32,0,0,0,122,31,38.071429,13120,3840,0,97.60000000000001
0,base,half_logged,85,CHICKEN-B,122,0,29,29,0,0,0,93,28,37.928571,11890,3480,0,74.4
0,base,half_logged,86,CHICKEN-B,93,28,28,28,0,0,0,93,26,37.428571,11480,3360,0,74.4
0,base,half_logged,87,CHICKEN-B,93,57,56,56,0,0,0,94,55,37.071429,22960,6720,0,75.2
0,base,half_logged,88,CHICKEN-B,94,55,38,38,0,0,0,111,38,37.142857,15580,4560,0,88.80000000000001
0,base,half_logged,89,CHICKEN-B,111,38,47,47,0,0,0,102,46,37,19270,5640,0,81.60000000000001
0,base,half_logged,90,CHICKEN-B,102,46,20,20,0,0,0,128,18,36.321429,8200,2400,0,102.4
0,base,half_logged,91,CHICKEN-B,128,0,73,73,0,0,0,55,77,37.321429,29930,8760,0,44.0
0,base,half_logged,92,CHICKEN-B,55,77,50,50,0,0,0,82,50,37.285714,20500,6000,0,65.60000000000001
0,base,half_logged,93,CHICKEN-B,82,18,25,25,0,0,0,75,24,37.035714,10250,3000,0,60.0
0,base,half_logged,94,CHICKEN-B,75,24,43,43,0,0,0,56,39,36.25,17630,5160,0,44.800000000000004
0,base,half_logged,95,CHICKEN-B,56,89,42,42,0,0,0,103,45,37,17220,5040,0,82.4
0,base,half_logged,96,CHICKEN-B,103,45,35,35,0,0,0,113,35,37,14350,4200,0,90.4
0,base,half_logged,97,CHICKEN-B,113,35,21,21,0,0,0,127,21,36.857143,8610,2520,0,101.60000000000001
0,base,half_logged,98,CHICKEN-B,127,21,35,35,0,0,0,113,37,37.357143,14350,4200,0,90.4
0,base,half_logged,99,CHICKEN-B,113,0,20,20,0,0,0,93,14,35.821429,8200,2400,0,74.4
0,base,half_logged,100,CHICKEN-B,93,14,41,41,0,0,0,66,41,35.857143,16810,4920,0,52.800000000000004
0,base,half_logged,101,CHICKEN-B,66,78,37,37,0,0,0,107,39,36.464286,15170,4440,0,85.60000000000001
0,base,half_logged,102,CHICKEN-B,107,39,28,28,0,0,0,118,24,35.392857,11480,3360,0,94.4
0,base,half_logged,103,CHICKEN-B,118,24,74,74,0,0,0,68,81,37.071429,30340,8880,0,54.400000000000006
0,base,half_logged,104,CHICKEN-B,68,81,26,26,0,0,0,123,27,37.464286,10660,3120,0,98.4
0,base,half_logged,105,CHICKEN-B,123,27,47,47,0,0,0,103,51,38.428571,19270,5640,0,82.4
0,base,half_logged,106,CHICKEN-B,103,51,30,30,0,0,0,124,29,38.142857,12300,3600,0,99.2
0,base,half_logged,107,CHICKEN-B,124,29,48,48,0,0,0,105,48,38.178571,19680,5760,0,84.0
0,base,half_logged,108,CHICKEN-B,105,48,42,42,0,0,0,111,45,38.964286,17220,5040,0,88.80000000000001
0,base,half_logged,109,CHICKEN-B,111,45,31,31,0,0,0,125,30,38.75,12710,3720,0,100.0
0,base,half_logged,110,CHICKEN-B,125,30,45,45,0,0,0,110,43,38.142857,18450,5400,0,88.0
0,base,half_logged,111,CHICKEN-B,110,43,12,12,0,0,0,141,10,37.678571,4920,1440,0,112.80000000000001
0,base,half_logged,112,CHICKEN-B,141,10,15,15,0,0,0,136,13,37.071429,6150,1800,0,108.80000000000001
0,base,half_logged,113,CHICKEN-B,136,13,39,39,0,0,8,102,48,37.428571,15990,4680,2320,81.60000000000001
0,base,half_logged,114,CHICKEN-B,102,0,51,51,0,0,6,45,60,38.25,20910,6120,1740,36.0
0,base,half_logged,115,CHICKEN-B,45,60,31,31,0,0,0,74,28,37.357143,12710,3720,0,59.2
0,base,half_logged,116,CHICKEN-B,74,76,68,68,0,0,0,82,72,38.428571,27880,8160,0,65.60000000000001
0,base,half_logged,117,CHICKEN-B,82,72,72,72,0,0,0,82,76,39.321429,29520,8640,0,65.60000000000001
0,base,half_logged,118,CHICKEN-B,82,76,30,30,0,0,0,128,31,39.678571,12300,3600,0,102.4
0,base,half_logged,119,CHICKEN-B,128,31,19,19,0,0,0,140,11,37.75,7790,2280,0,112.0
0,base,half_logged,120,CHICKEN-B,140,11,48,48,0,0,0,103,48,37.678571,19680,5760,0,82.4
0,base,half_logged,121,CHICKEN-B,103,48,47,47,0,0,0,104,50,38.464286,19270,5640,0,83.2
0,base,half_logged,122,CHICKEN-B,104,50,38,38,0,0,0,116,38,38.285714,15580,4560,0,92.80000000000001
0,base,half_logged,123,CHICKEN-B,116,38,59,59,0,0,0,95,61,38.892857,24190,7080,0,76.0
0,base,half_logged,124,CHICKEN-B,95,61,59,59,0,0,0,97,62,39.75,24190,7080,0,77.60000000000001
0,base,half_logged,125,CHICKEN-B,97,62,53,53,0,0,0,106,58,40.892857,21730,6360,0,84.80000000000001
0,base,half_logged,126,CHICKEN-B,106,58,48,48,0,0,0,116,50,41.357143,19680,5760,0,92.80000000000001
0,base,half_logged,127,CHICKEN-B,116,50,62,62,0,0,0,104,68,42.857143,25420,7440,0,83.2
0,base,half_logged,128,CHICKEN-B,104,68,38,38,0,0,0,134,37,42.75,15580,4560,0,107.2
0,base,half_logged,129,CHICKEN-B,134,37,54,54,0,0,0,117,57,43.357143,22140,6480,0,93.60000000000001
0,base,half_logged,130,CHICKEN-B,117,57,49,49,0,0,0,125,52,44.107143,20090,5880,0,100.0
0,base,half_logged,131,CHICKEN-B,125,52,101,101,0,0,0,76,105,45.071429,41410,12120,0,60.800000000000004
0,base,half_logged,132,CHICKEN-B,76,105,20,20,0,0,0,161,19,44.857143,8200,2400,0,128.8
0,base,half_logged,133,CHICKEN-B,161,19,26,26,0,0,0,154,23,44.107143,10660,3120,0,123.2
0,base,half_logged,134,CHICKEN-B,154,23,39,39,0,0,0,138,40,44.428571,15990,4680,0,110.4
0,base,half_logged,135,CHICKEN-B,138,40,72,72,0,0,0,106,76,45.285714,29520,8640,0,84.80000000000001
0,base,half_logged,136,CHICKEN-B,106,76,22,22,0,0,0,160,19,44.571429,9020,2640,0,128.0
0,base,half_logged,137,CHICKEN-B,160,19,54,54,0,0,2,123,59,45.392857,22140,6480,580,98.4
0,base,half_logged,138,CHICKEN-B,123,59,41,41,0,0,0,141,40,45.25,16810,4920,0,112.80000000000001
0,base,half_logged,139,CHICKEN-B,141,0,32,32,0,0,0,109,35,45.964286,13120,3840,0,87.2
0,base,half_logged,140,CHICKEN-B,109,35,32,32,0,0,0,112,35,46.571429,13120,3840,0,89.60000000000001
0,base,half_logged,141,CHICKEN-B,112,75,47,47,0,0,0,140,48,46.857143,19270,5640,0,112.0
0,base,half_logged,142,CHICKEN-B,140,48,33,33,0,0,0,155,30,46.214286,13530,3960,0,124.0
0,base,half_logged,143,CHICKEN-B,155,30,52,52,0,0,0,133,55,46.964286,21320,6240,0,106.4
0,base,half_logged,144,CHICKEN-B,133,55,62,62,0,0,0,126,61,46.75,25420,7440,0,100.80000000000001
0,base,half_logged,145,CHICKEN-B,126,0,84,84,0,0,0,42,86,47.178571,34440,10080,0,33.6
0,base,half_logged,146,CHICKEN-B,42,86,17,17,0,0,0,111,15,46.714286,6970,2040,0,88.80000000000001
0,base,half_logged,147,CHICKEN-B,111,76,68,68,0,0,0,119,75,48.464286,27880,8160,0,95.2
0,base,half_logged,148,CHICKEN-B,119,75,26,26,0,0,0,168,23,47.678571,10660,3120,0,134.4
0,base,half_logged,149,CHICKEN-B,168,23,39,39,0,0,0,152,38,47.392857,15990,4680,0,121.60000000000001
0,base,half_logged,150,CHICKEN-B,152,38,52,52,0,0,0,138,54,47.892857,21320,6240,0,110.4
0,base,half_logged,151,CHICKEN-B,138,0,65,65,0,0,0,73,66,48.107143,26650,7800,0,58.400000000000006
0,base,half_logged,152,CHICKEN-B,73,66,40,40,0,0,0,99,37,47.428571,16400,4800,0,79.2
0,base,half_logged,153,CHICKEN-B,99,91,61,61,0,0,0,129,62,47.714286,25010,7320,0,103.2
0,base,half_logged,154,CHICKEN-B,129,62,49,49,0,0,0,142,49,47.75,20090,5880,0,113.60000000000001
0,base,half_logged,155,CHICKEN-B,142,0,39,39,0,0,0,103,36,46.928571,15990,4680,0,82.4
0,base,half_logged,156,CHICKEN-B,103,36,45,45,0,0,0,94,46,47.178571,18450,5400,0,75.2
0,base,half_logged,157,CHICKEN-B,94,95,44,44,0,0,0,145,43,46.821429,18040,5280,0,116.0
0,base,half_logged,158,CHICKEN-B,145,43,38,38,0,0,0,150,36,46.428571,15580,4560,0,120.0
0,base,half_logged,159,CHICKEN-B,150,36,70,70,0,0,0,116,66,45.321429,28700,8400,0,92.80000000000001
0,base,half_logged,160,CHICKEN-B,116,66,27,27,0,0,0,155,28,45.571429,11070,3240,0,124.0
0,base,half_logged,161,CHICKEN-B,155,28,57,57,0,0,0,126,61,46.678571,23370,6840,0,100.80000000000001
0,base,half_logged,162,CHICKEN-B,126,61,42,42,0,0,0,145,43,46.785714,17220,5040,0,116.0
0,base,half_logged,163,CHICKEN-B,145,43,50,50,0,0,0,138,46,46,20500,6000,0,110.4
0,base,half_logged,164,CHICKEN-B,138,46,56,56,0,0,0,128,61,47.214286,22960,6720,0,102.4
0,base,half_logged,165,CHICKEN-B,128,61,92,92,0,0,0,97,98,48.571429,37720,11040,0,77.60000000000001
0,base,half_logged,166,CHICKEN-B,97,98,175,175,0,0,0,20,194,53.357143,71750,21000,0,16.0
0,base,half_logged,167,CHICKEN-B,20,194,29,29,0,0,0,185,28,53.25,11890,3480,0,148.0
0,base,half_logged,168,CHICKEN-B,185,28,35,35,0,0,0,178,36,53.357143,14350,4200,0,142.4
0,base,half_logged,169,CHICKEN-B,178,36,34,34,0,0,0,180,32,52.892857,13940,4080,0,144.0
0,base,half_logged,170,CHICKEN-B,180,32,69,69,0,0,0,143,74,54.178571,28290,8280,0,114.4
0,base,half_logged,171,CHICKEN-B,143,74,61,61,0,0,0,156,62,54.5,25010,7320,0,124.80000000000001
0,base,half_logged,172,CHICKEN-B,156,62,130,130,0,0,0,88,140,56.928571,53300,15600,0,70.4
0,base,half_logged,173,CHICKEN-B,88,140,39,39,0,0,0,189,33,55.321429,15990,4680,0,151.20000000000002
0,base,half_logged,174,CHICKEN-B,189,33,58,58,0,0,0,164,64,56.785714,23780,6960,0,131.20000000000002
0,base,half_logged,175,CHICKEN-B,164,64,31,31,0,0,0,197,25,55.464286,12710,3720,0,157.60000000000002
0,base,half_logged,176,CHICKEN-B,197,25,48,48,0,0,0,174,51,56.25,19680,5760,0,139.20000000000002
0,base,half_logged,177,CHICKEN-B,174,51,51,51,0,0,0,174,53,56.678571,20910,6120,0,139.20000000000002
0,base,half_logged,178,CHICKEN-B,174,53,43,43,0,0,1,183,43,56.357143,17630,5160,290,146.4
0,base,half_logged,179,CHICKEN-B,183,43,44,44,0,0,0,182,41,55.607143,18040,5280,0,145.6
0,base,half_logged,180,CHICKEN-B,182,41,78,78,0,0,10,135,93,56.964286,31980,9360,2900,108.0
0,base,half_logged,181,CHICKEN-B,135,93,31,31,0,0,0,197,27,55.892857,12710,3720,0,157.60000000000002
0,base,half_logged,182,CHICKEN-B,197,27,32,32,0,0,0,192,30,55.285714,13120,3840,0,153.60000000000002
0,base,half_logged,183,CHICKEN-B,192,0,32,32,0,0,0,160,31,55.035714,13120,3840,0,128.0
0,base,half_logged,184,CHICKEN-B,160,0,55,55,0,0,0,105,56,55.392857,22550,6600,0,84.0
0,base,half_logged,185,CHICKEN-B,105,86,29,29,0,0,0,162,27,54.857143,11890,3480,0,129.6
0,base,half_logged,186,CHICKEN-B,162,58,100,100,0,0,49,71,158,57.071429,41000,12000,14210,56.800000000000004
0,base,half_logged,187,CHICKEN-B,71,158,57,57,0,0,0,172,55,56.607143,23370,6840,0,137.6
0,base,half_logged,188,CHICKEN-B,172,55,24,24,0,0,0,203,23,56.5,9840,2880,0,162.4
0,base,half_logged,189,CHICKEN-B,203,23,37,37,0,0,0,189,35,55.785714,15170,4440,0,151.20000000000002
0,base,half_logged,190,CHICKEN-B,189,35,58,58,0,0,0,166,60,56.357143,23780,6960,0,132.8
0,base,half_logged,191,CHICKEN-B,166,60,80,80,0,0,0,146,84,57.428571,32800,9600,0,116.80000000000001
0,base,half_logged,192,CHICKEN-B,146,84,39,39,0,0,0,191,37,56.821429,15990,4680,0,152.8
0,base,half_logged,193,CHICKEN-B,191,37,34,34,0,0,0,194,25,54.75,13940,4080,0,155.20000000000002
0,base,half_logged,194,CHICKEN-B,194,25,142,142,0,0,0,77,138,53.571429,58220,17040,0,61.6
0,base,half_logged,195,CHICKEN-B,77,0,45,45,0,0,0,32,47,54.142857,18450,5400,0,25.6
0,base,half_logged,196,CHICKEN-B,32,47,43,43,0,0,0,36,44,54.428571,17630,5160,0,28.8
0,base,half_logged,197,CHICKEN-B,36,138,35,35,0,0,0,139,35,54.464286,14350,4200,0,111.2
0,base,half_logged,198,CHICKEN-B,139,35,42,42,0,0,0,132,38,53.5,17220,5040,0,105.60000000000001
0,base,half_logged,199,CHICKEN-B,132,82,30,30,0,0,0,184,26,52.392857,12300,3600,0,147.20000000000002
0,base,half_logged,200,CHICKEN-B,184,0,49,49,0,0,0,135,37,49.5,20090,5880,0,108.0
0,base,half_logged,201,CHICKEN-B,135,37,49,49,0,0,0,123,51,49.857143,20090,5880,0,98.4
0,base,half_logged,202,CHICKEN-B,123,77,66,66,0,0,0,134,67,50.142857,27060,7920,0,107.2
0,base,half_logged,203,CHICKEN-B,134,0,31,31,0,0,0,103,31,50.142857,12710,3720,0,82.4
0,base,half_logged,204,CHICKEN-B,103,0,51,51,0,0,0,52,51,50.25,20910,6120,0,41.6
0,base,half_logged,205,CHICKEN-B,52,118,46,46,0,0,0,124,46,50.071429,18860,5520,0,99.2
0,base,half_logged,206,CHICKEN-B,124,77,59,59,0,0,0,142,61,50.642857,24190,7080,0,113.60000000000001
0,base,half_logged,207,CHICKEN-B,142,61,55,55,0,0,0,148,57,51.035714,22550,6600,0,118.4
0,base,half_logged,208,CHICKEN-B,148,0,86,86,0,0,0,62,87,51.321429,35260,10320,0,49.6
0,base,half_logged,209,CHICKEN-B,62,87,36,36,0,0,0,113,36,51.5,14760,4320,0,90.4
0,base,half_logged,210,CHICKEN-B,113,93,66,66,0,0,0,140,71,52.714286,27060,7920,0,112.0
0,base,half_logged,211,CHICKEN-B,140,71,35,35,0,0,0,176,36,52.821429,14350,4200,0,140.8
0,base,half_logged,212,CHICKEN-B,176,36,36,36,0,0,0,176,33,52.142857,14760,4320,0,140.8
0,base,half_logged,213,CHICKEN-B,176,33,44,44,0,0,0,165,46,52.678571,18040,5280,0,132.0
0,base,half_logged,214,CHICKEN-B,165,46,84,84,0,0,0,127,82,52.107143,34440,10080,0,101.60000000000001
0,base,half_logged,215,CHICKEN-B,127,82,93,93,0,0,0,116,98,53.392857,38130,11160,0,92.80000000000001
0,base,half_logged,216,CHICKEN-B,116,98,49,49,0,0,0,165,53,54.285714,20090,5880,0,132.0
0,base,half_logged,217,CHICKEN-B,165,53,21,21,0,0,0,197,18,53.714286,8610,2520,0,157.60000000000002
0,base,half_logged,218,CHICKEN-B,197,18,32,32,0,0,0,183,29,52.785714,13120,3840,0,146.4
0,base,half_logged,219,CHICKEN-B,183,29,49,49,0,0,0,163,44,51.678571,20090,5880,0,130.4
0,base,half_logged,220,CHICKEN-B,163,44,40,40,0,0,0,167,40,51.714286,16400,4800,0,133.6
0,base,half_logged,221,CHICKEN-B,167,40,60,60,0,0,23,124,87,52.642857,24600,7200,6670,99.2
0,base,half_logged,222,CHICKEN-B,124,87,66,66,0,0,0,145,55,49.928571,27060,7920,0,116.0
0,base,half_logged,223,CHICKEN-B,145,55,53,53,0,0,0,147,54,50.214286,21730,6360,0,117.60000000000001
0,base,half_logged,224,CHICKEN-B,147,54,48,48,0,0,0,153,49,50.392857,19680,5760,0,122.4
0,base,half_logged,225,CHICKEN-B,153,0,32,32,0,0,0,121,32,50.285714,13120,3840,0,96.80000000000001
0,base,half_logged,226,CHICKEN-B,121,32,62,62,0,0,0,91,64,51,25420,7440,0,72.8
0,base,half_logged,227,CHICKEN-B,91,113,41,41,0,0,0,163,43,51.392857,16810,4920,0,130.4
0,base,half_logged,228,CHICKEN-B,163,43,52,52,0,0,0,154,52,51.5,21320,6240,0,123.2
0,base,half_logged,229,CHICKEN-B,154,52,52,52,0,0,0,154,53,51.607143,21320,6240,0,123.2
0,base,half_logged,230,CHICKEN-B,154,53,44,44,0,0,0,163,41,50.821429,18040,5280,0,130.4
0,base,half_logged,231,CHICKEN-B,163,41,31,31,0,0,0,173,31,50.821429,12710,3720,0,138.4
0,base,half_logged,232,CHICKEN-B,173,31,36,36,0,0,0,168,34,50.285714,14760,4320,0,134.4
0,base,half_logged,233,CHICKEN-B,168,34,42,42,0,0,0,160,41,50.142857,17220,5040,0,128.0
0,base,half_logged,234,CHICKEN-B,160,0,28,28,0,0,1,131,25,49.035714,11480,3360,290,104.80000000000001
0,base,half_logged,235,CHICKEN-B,131,25,54,54,0,0,25,77,78,49,22140,6480,7250,61.6
0,base,half_logged,236,CHICKEN-B,77,119,157,157,0,0,0,39,168,51.535714,64370,18840,0,31.200000000000003
0,base,half_logged,237,CHICKEN-B,39,0,47,39,8,4,0,0,40,51.785714,15990,4680,0,0.0
0,base,half_logged,238,CHICKEN-B,0,40,42,40,2,1,0,0,36,50.892857,16400,4800,0,0.0
0,base,half_logged,239,CHICKEN-B,0,204,66,66,0,0,0,138,70,52,27060,7920,0,110.4
0,base,half_logged,0,SAUSAGE-C,60,0,25,25,0,0,0,35,65,25,11250,3500,0,28.0
0,base,half_logged,1,SAUSAGE-C,35,65,38,38,0,0,0,62,64,31.5,17100,5320,0,49.6
0,base,half_logged,2,SAUSAGE-C,62,64,10,10,0,0,0,116,0,24.333333,4500,1400,0,92.80000000000001
0,base,half_logged,3,SAUSAGE-C,116,0,11,11,0,0,0,105,0,21,4950,1540,0,84.0
0,base,half_logged,4,SAUSAGE-C,105,0,25,25,0,0,0,80,8,21.8,11250,3500,0,64.0
0,base,half_logged,5,SAUSAGE-C,80,8,27,27,0,0,0,61,30,22.666667,12150,3780,0,48.800000000000004
0,base,half_logged,6,SAUSAGE-C,61,30,16,16,0,0,0,75,12,21.714286,7200,2240,0,60.0
0,base,half_logged,7,SAUSAGE-C,75,12,10,10,0,0,0,77,4,20.25,4500,1400,0,61.6
0,base,half_logged,8,SAUSAGE-C,77,4,19,19,0,0,0,62,19,20.111111,8550,2660,0,49.6
0,base,half_logged,9,SAUSAGE-C,62,19,11,11,0,0,0,70,7,19.2,4950,1540,0,56.0
0,base,half_logged,10,SAUSAGE-C,70,7,19,19,0,0,0,58,19,19.181818,8550,2660,0,46.400000000000006
0,base,half_logged,11,SAUSAGE-C,58,19,16,16,0,0,0,61,15,18.916667,7200,2240,0,48.800000000000004
0,base,half_logged,12,SAUSAGE-C,61,0,16,16,0,0,0,45,15,18.692308,7200,2240,0,36.0
0,base,half_logged,13,SAUSAGE-C,45,0,16,16,0,0,0,29,15,18.5,7200,2240,0,23.200000000000003
0,base,half_logged,14,SAUSAGE-C,29,30,16,16,0,0,0,43,16,18.333333,7200,2240,0,34.4
0,base,half_logged,15,SAUSAGE-C,43,31,13,13,0,0,0,61,11,18,5850,1820,0,48.800000000000004
0,base,half_logged,16,SAUSAGE-C,61,0,21,21,0,0,0,40,22,18.176471,9450,2940,0,32.0
0,base,half_logged,17,SAUSAGE-C,40,22,26,26,0,0,0,36,28,18.611111,11700,3640,0,28.8
0,base,half_logged,18,SAUSAGE-C,36,39,10,10,0,0,0,65,8,18.157895,4500,1400,0,52.0
0,base,half_logged,19,SAUSAGE-C,65,0,17,17,0,0,0,48,17,18.1,7650,2380,0,38.400000000000006
0,base,half_logged,20,SAUSAGE-C,48,17,21,21,0,0,0,44,21,18.238095,9450,2940,0,35.2
0,base,half_logged,21,SAUSAGE-C,44,29,28,28,0,0,0,45,30,18.681818,12600,3920,0,36.0
0,base,half_logged,22,SAUSAGE-C,45,30,9,9,0,0,0,66,8,18.26087,4050,1260,0,52.800000000000004
0,base,half_logged,23,SAUSAGE-C,66,8,21,21,0,0,0,53,21,18.375,9450,2940,0,42.400000000000006
0,base,half_logged,24,SAUSAGE-C,53,21,19,19,0,0,0,55,19,18.4,8550,2660,0,44.0
0,base,half_logged,25,SAUSAGE-C,55,19,14,14,0,0,0,60,13,18.230769,6300,1960,0,48.0
0,base,half_logged,26,SAUSAGE-C,60,13,30,30,0,0,0,43,32,18.666667,13500,4200,0,34.4
0,base,half_logged,27,SAUSAGE-C,43,32,19,19,0,0,0,56,19,18.678571,8550,2660,0,44.800000000000004
0,base,half_logged,28,SAUSAGE-C,56,0,12,12,0,0,0,44,10,18.214286,5400,1680,0,35.2
0,base,half_logged,29,SAUSAGE-C,44,10,27,27,0,0,0,27,26,17.821429,12150,3780,0,21.6
0,base,half_logged,30,SAUSAGE-C,27,45,14,14,0,0,0,58,14,17.964286,6300,1960,0,46.400000000000006
0,base,half_logged,31,SAUSAGE-C,58,14,29,29,0,0,0,43,32,18.607143,13050,4060,0,34.4
0,base,half_logged,32,SAUSAGE-C,43,32,15,15,0,0,0,60,13,18.25,6750,2100,0,48.0
0,base,half_logged,33,SAUSAGE-C,60,13,20,20,0,0,0,53,19,18,9000,2800,0,42.400000000000006
0,base,half_logged,34,SAUSAGE-C,53,19,16,16,0,0,0,56,16,18,7200,2240,0,44.800000000000004
0,base,half_logged,35,SAUSAGE-C,56,16,21,21,0,0,0,51,23,18.392857,9450,2940,0,40.800000000000004
0,base,half_logged,36,SAUSAGE-C,51,23,19,19,0,0,0,55,19,18.392857,8550,2660,0,44.0
0,base,half_logged,37,SAUSAGE-C,55,0,25,25,0,0,0,30,27,18.892857,11250,3500,0,24.0
0,base,half_logged,38,SAUSAGE-C,30,0,24,24,0,0,0,6,25,19.071429,10800,3360,0,4.800000000000001
0,base,half_logged,39,SAUSAGE-C,6,44,19,19,0,0,0,31,19,19.178571,8550,2660,0,24.8
0,base,half_logged,40,SAUSAGE-C,31,27,24,24,0,0,0,34,25,19.464286,10800,3360,0,27.200000000000003
0,base,half_logged,41,SAUSAGE-C,34,25,17,17,0,0,0,42,17,19.5,7650,2380,0,33.6
0,base,half_logged,42,SAUSAGE-C,42,36,14,14,0,0,0,64,14,19.428571,6300,1960,0,51.2
0,base,half_logged,43,SAUSAGE-C,64,0,17,17,0,0,0,47,18,19.571429,7650,2380,0,37.6
0,base,half_logged,44,SAUSAGE-C,47,18,33,33,0,0,0,32,34,20,14850,4620,0,25.6
0,base,half_logged,45,SAUSAGE-C,32,48,33,33,0,0,0,47,34,20.25,14850,4620,0,37.6
0,base,half_logged,46,SAUSAGE-C,47,34,45,45,0,0,0,36,50,21.5,20250,6300,0,28.8
0,base,half_logged,47,SAUSAGE-C,36,50,23,23,0,0,0,63,24,21.714286,10350,3220,0,50.400000000000006
0,base,half_logged,48,SAUSAGE-C,63,24,19,19,0,0,0,68,19,21.642857,8550,2660,0,54.400000000000006
0,base,half_logged,49,SAUSAGE-C,68,19,28,28,0,0,0,59,28,21.642857,12600,3920,0,47.2
0,base,half_logged,50,SAUSAGE-C,59,28,22,22,0,0,0,65,24,22.107143,9900,3080,0,52.0
0,base,half_logged,51,SAUSAGE-C,65,24,19,19,0,0,0,70,19,22.035714,8550,2660,0,56.0
0,base,half_logged,52,SAUSAGE-C,70,19,17,17,0,0,0,72,16,21.964286,7650,2380,0,57.6
0,base,half_logged,53,SAUSAGE-C,72,16,35,35,0,0,0,53,38,22.714286,15750,4900,0,42.400000000000006
0,base,half_logged,54,SAUSAGE-C,53,0,37,37,0,0,0,16,38,22.964286,16650,5180,0,12.8
0,base,half_logged,55,SAUSAGE-C,16,38,14,14,0,0,0,40,14,22.785714,6300,1960,0,32.0
0,base,half_logged,56,SAUSAGE-C,40,52,15,15,0,0,0,77,15,22.892857,6750,2100,0,61.6
0,base,half_logged,57,SAUSAGE-C,77,15,21,21,0,0,0,71,20,22.678571,9450,2940,0,56.800000000000004
0,base,half_logged,58,SAUSAGE-C,71,20,19,19,0,0,0,72,20,22.857143,8550,2660,0,57.6
0,base,half_logged,59,SAUSAGE-C,72,20,9,9,0,0,0,83,6,22.142857,4050,1260,0,66.4
0,base,half_logged,60,SAUSAGE-C,83,0,18,18,0,0,0,65,18,22.25,8100,2520,0,52.0
0,base,half_logged,61,SAUSAGE-C,65,18,22,22,0,0,0,61,23,22.321429,9900,3080,0,48.800000000000004
0,base,half_logged,62,SAUSAGE-C,61,6,11,11,0,0,0,56,10,22.142857,4950,1540,0,44.800000000000004
0,base,half_logged,63,SAUSAGE-C,56,10,15,15,0,0,0,51,14,21.928571,6750,2100,0,40.800000000000004
0,base,half_logged,64,SAUSAGE-C,51,37,23,23,0,0,0,65,24,22.071429,10350,3220,0,52.0
0,base,half_logged,65,SAUSAGE-C,65,24,12,12,0,0,0,77,10,21.607143,5400,1680,0,61.6
0,base,half_logged,66,SAUSAGE-C,77,0,33,33,0,0,0,44,34,21.928571,14850,4620,0,35.2
0,base,half_logged,67,SAUSAGE-C,44,34,22,22,0,0,0,56,23,22.035714,9900,3080,0,44.800000000000004
0,base,half_logged,68,SAUSAGE-C,56,10,22,22,0,0,0,44,21,21.964286,9900,3080,0,35.2
0,base,half_logged,69,SAUSAGE-C,44,21,12,12,0,0,0,53,12,21.785714,5400,1680,0,42.400000000000006
0,base,half_logged,70,SAUSAGE-C,53,35,13,13,0,0,0,75,12,21.75,5850,1820,0,60.0
0,base,half_logged,71,SAUSAGE-C,75,12,17,17,0,0,0,70,17,21.75,7650,2380,0,56.0
0,base,half_logged,72,SAUSAGE-C,70,0,8,8,0,0,0,62,5,20.857143,3600,1120,0,49.6
0,base,half_logged,73,SAUSAGE-C,62,5,19,19,0,0,0,48,17,20.357143,8550,2660,0,38.400000000000006
0,base,half_logged,74,SAUSAGE-C,48,34,30,30,0,0,0,52,28,19.821429,13500,4200,0,41.6
0,base,half_logged,75,SAUSAGE-C,52,28,13,13,0,0,0,67,11,19.464286,5850,1820,0,53.6
0,base,half_logged,76,SAUSAGE-C,67,11,10,10,0,0,0,68,9,19.142857,4500,1400,0,54.400000000000006
0,base,half_logged,77,SAUSAGE-C,68,9,18,18,0,0,0,59,17,18.785714,8100,2520,0,47.2
0,base,half_logged,78,SAUSAGE-C,59,17,18,18,0,0,0,58,17,18.642857,8100,2520,0,46.400000000000006
0,base,half_logged,79,SAUSAGE-C,58,17,13,13,0,0,0,62,12,18.428571,5850,1820,0,49.6
0,base,half_logged,80,SAUSAGE-C,62,12,15,15,0,0,0,59,15,18.357143,6750,2100,0,47.2
0,base,half_logged,81,SAUSAGE-C,59,15,19,19,0,0,0,55,17,17.785714,8550,2660,0,44.0
0,base,half_logged,82,SAUSAGE-C,55,17,23,23,0,0,0,49,21,17.285714,10350,3220,0,39.2
0,base,half_logged,83,SAUSAGE-C,49,21,22,22,0,0,0,48,23,17.571429,9900,3080,0,38.400000000000006
0,base,half_logged,84,SAUSAGE-C,48,23,24,24,0,0,0,47,25,17.892857,10800,3360,0,37.6
0,base,half_logged,85,SAUSAGE-C,47,0,27,27,0,0,0,20,28,18.107143,12150,3780,0,16.0
0,base,half_logged,86,SAUSAGE-C,20,28,18,18,0,0,0,30,18,18.071429,8100,2520,0,24.0
0,base,half_logged,87,SAUSAGE-C,30,43,21,21,0,0,0,52,22,18.5,9450,2940,0,41.6
0,base,half_logged,88,SAUSAGE-C,52,22,14,14,0,0,0,60,14,18.357143,6300,1960,0,48.0
0,base,half_logged,89,SAUSAGE-C,60,14,19,19,0,0,0,55,18,18.25,8550,2660,0,44.0
0,base,half_logged,90,SAUSAGE-C,55,18,27,27,0,0,0,46,30,18.821429,12150,3780,0,36.800000000000004
0,base,half_logged,91,SAUSAGE-C,46,0,18,18,0,0,0,28,18,18.928571,8100,2520,0,22.400000000000002
0,base,half_logged,92,SAUSAGE-C,28,18,11,11,0,0,0,35,9,18.5,4950,1540,0,28.0
0,base,half_logged,93,SAUSAGE-C,35,39,24,24,0,0,0,50,26,18.928571,10800,3360,0,40.0
0,base,half_logged,94,SAUSAGE-C,50,26,37,37,0,0,0,39,38,19.071429,16650,5180,0,31.200000000000003
0,base,half_logged,95,SAUSAGE-C,39,38,45,45,0,0,0,32,48,19.892857,20250,6300,0,25.6
0,base,half_logged,96,SAUSAGE-C,32,48,22,22,0,0,0,58,22,19.892857,9900,3080,0,46.400000000000006
0,base,half_logged,97,SAUSAGE-C,58,22,11,11,0,0,0,69,11,19.857143,4950,1540,0,55.2
0,base,half_logged,98,SAUSAGE-C,69,11,17,17,0,0,0,63,17,20,7650,2380,0,50.400000000000006
0,base,half_logged,99,SAUSAGE-C,63,0,23,23,0,0,0,40,24,20.214286,10350,3220,0,32.0
0,base,half_logged,100,SAUSAGE-C,40,24,39,39,0,0,0,25,44,21.321429,17550,5460,0,20.0
0,base,half_logged,101,SAUSAGE-C,25,61,21,21,0,0,0,65,21,21.392857,9450,2940,0,52.0
0,base,half_logged,102,SAUSAGE-C,65,21,18,18,0,0,0,68,16,20.964286,8100,2520,0,54.400000000000006
0,base,half_logged,103,SAUSAGE-C,68,16,17,17,0,0,0,67,18,21.107143,7650,2380,0,53.6
0,base,half_logged,104,SAUSAGE-C,67,18,26,26,0,0,0,59,28,21.678571,11700,3640,0,47.2
0,base,half_logged,105,SAUSAGE-C,59,28,14,14,0,0,0,73,14,21.535714,6300,1960,0,58.400000000000006
0,base,half_logged,106,SAUSAGE-C,73,14,15,15,0,0,0,72,14,21.428571,6750,2100,0,57.6
0,base,half_logged,107,SAUSAGE-C,72,14,18,18,0,0,0,68,19,21.607143,8100,2520,0,54.400000000000006
0,base,half_logged,108,SAUSAGE-C,68,19,18,18,0,0,0,69,18,21.714286,8100,2520,0,55.2
0,base,half_logged,109,SAUSAGE-C,69,18,47,47,0,0,0,40,51,22.714286,21150,6580,0,32.0
0,base,half_logged,110,SAUSAGE-C,40,51,20,20,0,0,0,71,20,22.607143,9000,2800,0,56.800000000000004
0,base,half_logged,111,SAUSAGE-C,71,20,26,26,0,0,0,65,26,22.75,11700,3640,0,52.0
0,base,half_logged,112,SAUSAGE-C,65,26,23,23,0,0,0,68,23,22.714286,10350,3220,0,54.400000000000006
0,base,half_logged,113,SAUSAGE-C,68,23,16,16,0,0,0,75,15,22.321429,7200,2240,0,60.0
0,base,half_logged,114,SAUSAGE-C,75,15,19,19,0,0,0,71,19,22.357143,8550,2660,0,56.800000000000004
0,base,half_logged,115,SAUSAGE-C,71,19,10,10,0,0,0,80,8,21.964286,4500,1400,0,64.0
0,base,half_logged,116,SAUSAGE-C,80,8,26,26,0,0,0,62,28,22.392857,11700,3640,0,49.6
0,base,half_logged,117,SAUSAGE-C,62,28,19,19,0,0,0,71,19,22.392857,8550,2660,0,56.800000000000004
0,base,half_logged,118,SAUSAGE-C,71,19,13,13,0,0,0,77,11,21.892857,5850,1820,0,61.6
0,base,half_logged,119,SAUSAGE-C,77,11,10,10,0,0,0,78,9,21.607143,4500,1400,0,62.400000000000006
0,base,half_logged,120,SAUSAGE-C,78,9,26,26,0,0,0,61,28,22.142857,11700,3640,0,48.800000000000004
0,base,half_logged,121,SAUSAGE-C,61,28,23,23,0,0,0,66,23,22.107143,10350,3220,0,52.800000000000004
0,base,half_logged,122,SAUSAGE-C,66,23,23,23,0,0,0,66,21,21.607143,10350,3220,0,52.800000000000004
0,base,half_logged,123,SAUSAGE-C,66,21,31,31,0,0,0,56,29,21.107143,13950,4340,0,44.800000000000004
0,base,half_logged,124,SAUSAGE-C,56,29,26,26,0,0,0,59,26,21.25,11700,3640,0,47.2
0,base,half_logged,125,SAUSAGE-C,59,26,22,22,0,0,0,63,24,21.642857,9900,3080,0,50.400000000000006
0,base,half_logged,126,SAUSAGE-C,63,24,10,10,0,0,0,77,9,21.392857,4500,1400,0,61.6
0,base,half_logged,127,SAUSAGE-C,77,9,26,26,0,0,0,60,26,21.5,11700,3640,0,48.0
0,base,half_logged,128,SAUSAGE-C,60,26,44,44,0,0,0,42,45,21.678571,19800,6160,0,33.6
0,base,half_logged,129,SAUSAGE-C,42,45,37,37,0,0,0,50,39,22.25,16650,5180,0,40.0
0,base,half_logged,130,SAUSAGE-C,50,39,25,25,0,0,0,64,26,22.5,11250,3500,0,51.2
0,base,half_logged,131,SAUSAGE-C,64,26,19,19,0,0,0,71,20,22.571429,8550,2660,0,56.800000000000004
0,base,half_logged,132,SAUSAGE-C,71,20,42,42,0,0,0,49,44,23.142857,18900,5880,0,39.2
0,base,half_logged,133,SAUSAGE-C,49,44,24,24,0,0,0,69,25,23.5,10800,3360,0,55.2
0,base,half_logged,134,SAUSAGE-C,69,25,16,16,0,0,0,78,17,23.535714,7200,2240,0,62.400000000000006
0,base,half_logged,135,SAUSAGE-C,78,17,23,23,0,0,0,72,23,23.714286,10350,3220,0,57.6
0,base,half_logged,136,SAUSAGE-C,72,23,28,28,0,0,0,67,30,24.071429,12600,3920,0,53.6
0,base,half_logged,137,SAUSAGE-C,67,30,33,33,0,0,0,64,31,23.571429,14850,4620,0,51.2
0,base,half_logged,138,SAUSAGE-C,64,0,36,36,0,0,0,28,38,24.142857,16200,5040,0,22.400000000000002
0,base,half_logged,139,SAUSAGE-C,28,38,25,25,0,0,0,41,25,24.107143,11250,3500,0,32.800000000000004
0,base,half_logged,140,SAUSAGE-C,41,56,18,18,0,0,0,79,17,23.928571,8100,2520,0,63.2
0,base,half_logged,141,SAUSAGE-C,79,17,28,28,0,0,0,68,30,24.357143,12600,3920,0,54.400000000000006
0,base,half_logged,142,SAUSAGE-C,68,0,27,27,0,0,0,41,28,24.642857,12150,3780,0,32.800000000000004
0,base,half_logged,143,SAUSAGE-C,41,28,18,18,0,0,0,51,19,24.928571,8100,2520,0,40.800000000000004
0,base,half_logged,144,SAUSAGE-C,51,49,27,27,0,0,0,73,27,24.964286,12150,3780,0,58.400000000000006
0,base,half_logged,145,SAUSAGE-C,73,27,28,28,0,0,0,72,30,25.285714,12600,3920,0,57.6
0,base,half_logged,146,SAUSAGE-C,72,30,9,9,0,0,0,93,8,25.142857,4050,1260,0,74.4
0,base,half_logged,147,SAUSAGE-C,93,8,19,19,0,0,0,82,20,25.464286,8550,2660,0,65.60000000000001
0,base,half_logged,148,SAUSAGE-C,82,20,9,9,0,0,0,93,7,24.857143,4050,1260,0,74.4
0,base,half_logged,149,SAUSAGE-C,93,7,22,22,0,0,0,78,22,24.821429,9900,3080,0,62.400000000000006
0,base,half_logged,150,SAUSAGE-C,78,22,18,18,0,0,0,82,17,24.642857,8100,2520,0,65.60000000000001
0,base,half_logged,151,SAUSAGE-C,82,17,34,34,0,0,0,65,34,24.75,15300,4760,0,52.0
0,base,half_logged,152,SAUSAGE-C,65,34,35,35,0,0,0,64,37,25.071429,15750,4900,0,51.2
0,base,half_logged,153,SAUSAGE-C,64,37,13,13,0,0,0,88,11,24.75,5850,1820,0,70.4
0,base,half_logged,154,SAUSAGE-C,88,11,13,13,0,0,0,86,14,24.857143,5850,1820,0,68.8
0,base,half_logged,155,SAUSAGE-C,86,14,33,33,0,0,0,67,34,25.107143,14850,4620,0,53.6
0,base,half_logged,156,SAUSAGE-C,67,34,18,18,0,0,0,83,14,24.178571,8100,2520,0,66.4
0,base,half_logged,157,SAUSAGE-C,83,14,26,26,0,0,0,71,25,23.785714,11700,3640,0,56.800000000000004
0,base,half_logged,158,SAUSAGE-C,71,25,39,39,0,0,0,57,41,24.285714,17550,5460,0,45.6
0,base,half_logged,159,SAUSAGE-C,57,41,25,25,0,0,0,73,25,24.5,11250,3500,0,58.400000000000006
0,base,half_logged,160,SAUSAGE-C,73,25,28,28,0,0,0,70,26,24,12600,3920,0,56.0
0,base,half_logged,161,SAUSAGE-C,70,26,30,30,0,0,0,66,31,24.214286,13500,4200,0,52.800000000000004
0,base,half_logged,162,SAUSAGE-C,66,31,28,28,0,0,0,69,30,24.642857,12600,3920,0,55.2
0,base,half_logged,163,SAUSAGE-C,69,30,34,34,0,0,0,65,36,25.035714,15300,4760,0,52.0
0,base,half_logged,164,SAUSAGE-C,65,36,18,18,0,0,0,83,16,24.678571,8100,2520,0,66.4
0,base,half_logged,165,SAUSAGE-C,83,16,14,14,0,0,0,85,11,24,6300,1960,0,68.0
0,base,half_logged,166,SAUSAGE-C,85,11,20,20,0,0,0,76,18,23.428571,9000,2800,0,60.800000000000004
0,base,half_logged,167,SAUSAGE-C,76,18,13,13,0,0,0,81,11,23,5850,1820,0,64.8
0,base,half_logged,168,SAUSAGE-C,81,11,12,12,0,0,0,80,12,22.785714,5400,1680,0,64.0
0,base,half_logged,169,SAUSAGE-C,80,12,14,14,0,0,0,78,12,22.285714,6300,1960,0,62.400000000000006
0,base,half_logged,170,SAUSAGE-C,78,12,38,38,0,0,0,52,39,22.678571,17100,5320,0,41.6
0,base,half_logged,171,SAUSAGE-C,52,0,18,18,0,0,0,34,18,22.678571,8100,2520,0,27.200000000000003
0,base,half_logged,172,SAUSAGE-C,34,18,18,18,0,0,0,34,17,22.357143,8100,2520,0,27.200000000000003
0,base,half_logged,173,SAUSAGE-C,34,39,19,19,0,0,0,54,18,22.035714,8550,2660,0,43.2
0,base,half_logged,174,SAUSAGE-C,54,0,15,15,0,0,0,39,15,22.25,6750,2100,0,31.200000000000003
0,base,half_logged,175,SAUSAGE-C,39,32,18,18,0,0,0,53,18,22.214286,8100,2520,0,42.400000000000006
0,base,half_logged,176,SAUSAGE-C,53,36,16,16,0,0,0,73,17,22.464286,7200,2240,0,58.400000000000006
0,base,half_logged,177,SAUSAGE-C,73,17,22,22,0,0,0,68,22,22.464286,9900,3080,0,54.400000000000006
0,base,half_logged,178,SAUSAGE-C,68,22,35,35,0,0,0,55,38,23.071429,15750,4900,0,44.0
0,base,half_logged,179,SAUSAGE-C,55,0,63,55,8,4,0,0,58,23.964286,24750,7700,0,0.0
0,base,half_logged,180,SAUSAGE-C,0,58,25,25,0,0,0,33,24,23.607143,11250,3500,0,26.400000000000002
0,base,half_logged,181,SAUSAGE-C,33,62,22,22,0,0,0,73,23,23.928571,9900,3080,0,58.400000000000006
0,base,half_logged,182,SAUSAGE-C,73,23,9,9,0,0,0,87,9,23.785714,4050,1260,0,69.60000000000001
0,base,half_logged,183,SAUSAGE-C,87,9,14,14,0,0,0,82,11,23.107143,6300,1960,0,65.60000000000001
0,base,half_logged,184,SAUSAGE-C,82,0,44,44,0,0,0,38,48,24.035714,19800,6160,0,30.400000000000002
0,base,half_logged,185,SAUSAGE-C,38,48,17,17,0,0,0,69,15,23.714286,7650,2380,0,55.2
0,base,half_logged,186,SAUSAGE-C,69,26,31,31,0,0,0,64,30,23.428571,13950,4340,0,51.2
0,base,half_logged,187,SAUSAGE-C,64,30,47,47,0,0,0,47,50,24.214286,21150,6580,0,37.6
0,base,half_logged,188,SAUSAGE-C,47,50,16,16,0,0,0,81,15,23.785714,7200,2240,0,64.8
0,base,half_logged,189,SAUSAGE-C,81,15,23,23,0,0,0,73,22,23.535714,10350,3220,0,58.400000000000006
0,base,half_logged,190,SAUSAGE-C,73,22,17,17,0,0,0,78,15,23.142857,7650,2380,0,62.400000000000006
0,base,half_logged,191,SAUSAGE-C,78,15,18,18,0,0,0,75,16,22.571429,8100,2520,0,60.0
0,base,half_logged,192,SAUSAGE-C,75,16,9,9,0,0,0,82,7,22.25,4050,1260,0,65.60000000000001
0,base,half_logged,193,SAUSAGE-C,82,7,28,28,0,0,0,61,30,22.75,12600,3920,0,48.800000000000004
0,base,half_logged,194,SAUSAGE-C,61,30,61,61,0,0,0,30,67,24.214286,27450,8540,0,24.0
0,base,half_logged,195,SAUSAGE-C,30,67,31,31,0,0,0,66,34,24.857143,13950,4340,0,52.800000000000004
0,base,half_logged,196,SAUSAGE-C,66,34,33,33,0,0,0,67,36,25.607143,14850,4620,0,53.6
0,base,half_logged,197,SAUSAGE-C,67,36,26,26,0,0,0,77,28,26.035714,11700,3640,0,61.6
0,base,half_logged,198,SAUSAGE-C,77,28,20,20,0,0,0,85,17,25.392857,9000,2800,0,68.0
0,base,half_logged,199,SAUSAGE-C,85,0,37,37,0,0,0,48,40,26.071429,16650,5180,0,38.400000000000006
0,base,half_logged,200,SAUSAGE-C,48,0,37,37,0,0,0,11,39,26.75,16650,5180,0,8.8
0,base,half_logged,201,SAUSAGE-C,11,56,36,36,0,0,0,31,39,27.357143,16200,5040,0,24.8
0,base,half_logged,202,SAUSAGE-C,31,79,12,12,0,0,0,98,11,27.25,5400,1680,0,78.4
0,base,half_logged,203,SAUSAGE-C,98,11,17,17,0,0,0,92,17,27.214286,7650,2380,0,73.60000000000001
0,base,half_logged,204,SAUSAGE-C,92,0,27,27,0,0,0,65,29,27.607143,12150,3780,0,52.0
0,base,half_logged,205,SAUSAGE-C,65,0,80,65,15,8,0,0,72,29.428571,29250,9100,0,0.0
0,base,half_logged,206,SAUSAGE-C,0,89,16,16,0,0,0,73,13,28.75,7200,2240,0,58.400000000000006
0,base,half_logged,207,SAUSAGE-C,73,42,33,33,0,0,0,82,30,27.821429,14850,4620,0,65.60000000000001
0,base,half_logged,208,SAUSAGE-C,82,30,17,17,0,0,0,95,16,27.535714,7650,2380,0,76.0
0,base,half_logged,209,SAUSAGE-C,95,16,16,16,0,0,0,95,15,27.321429,7200,2240,0,76.0
0,base,half_logged,210,SAUSAGE-C,95,15,17,17,0,0,0,93,18,27.607143,7650,2380,0,74.4
0,base,half_logged,211,SAUSAGE-C,93,18,22,22,0,0,0,89,23,27.892857,9900,3080,0,71.2
0,base,half_logged,212,SAUSAGE-C,89,23,43,43,0,0,0,69,43,27.857143,19350,6020,0,55.2
0,base,half_logged,213,SAUSAGE-C,69,43,37,37,0,0,0,75,40,28.571429,16650,5180,0,60.0
0,base,half_logged,214,SAUSAGE-C,75,40,50,50,0,0,0,65,52,29.25,22500,7000,0,52.0
0,base,half_logged,215,SAUSAGE-C,65,52,26,26,0,0,0,91,23,28.5,11700,3640,0,72.8
0,base,half_logged,216,SAUSAGE-C,91,23,18,18,0,0,0,96,19,28.571429,8100,2520,0,76.80000000000001
0,base,half_logged,217,SAUSAGE-C,96,19,16,16,0,0,0,99,15,28.321429,7200,2240,0,79.2
0,base,half_logged,218,SAUSAGE-C,99,15,23,23,0,0,0,91,24,28.535714,10350,3220,0,72.8
0,base,half_logged,219,SAUSAGE-C,91,24,20,20,0,0,0,95,20,28.607143,9000,2800,0,76.0
0,base,half_logged,220,SAUSAGE-C,95,0,24,24,0,0,0,71,26,29.142857,10800,3360,0,56.800000000000004
0,base,half_logged,221,SAUSAGE-C,71,26,33,33,0,0,0,64,34,29.321429,14850,4620,0,51.2
0,base,half_logged,222,SAUSAGE-C,64,54,18,18,0,0,0,100,12,27.785714,8100,2520,0,80.0
0,base,half_logged,223,SAUSAGE-C,100,12,34,34,0,0,0,78,34,27.892857,15300,4760,0,62.400000000000006
0,base,half_logged,224,SAUSAGE-C,78,0,13,13,0,0,0,65,10,27.178571,5850,1820,0,52.0
0,base,half_logged,225,SAUSAGE-C,65,10,22,22,0,0,0,53,22,27.035714,9900,3080,0,42.400000000000006
0,base,half_logged,226,SAUSAGE-C,53,56,13,13,0,0,0,96,12,26.785714,5850,1820,0,76.80000000000001
0,base,half_logged,227,SAUSAGE-C,96,12,51,51,0,0,0,57,53,27.285714,22950,7140,0,45.6
0,base,half_logged,228,SAUSAGE-C,57,53,16,16,0,0,0,94,13,26.535714,7200,2240,0,75.2
0,base,half_logged,229,SAUSAGE-C,94,13,49,49,0,0,0,58,50,27,22050,6860,0,46.400000000000006
0,base,half_logged,230,SAUSAGE-C,58,0,19,19,0,0,0,39,20,27.25,8550,2660,0,31.200000000000003
0,base,half_logged,231,SAUSAGE-C,39,20,23,23,0,0,0,36,24,27.464286,10350,3220,0,28.8
0,base,half_logged,232,SAUSAGE-C,36,50,26,26,0,0,0,60,26,27.428571,11700,3640,0,48.0
0,base,half_logged,233,SAUSAGE-C,60,26,18,18,0,0,0,68,10,25.464286,8100,2520,0,54.400000000000006
0,base,half_logged,234,SAUSAGE-C,68,34,39,39,0,0,0,63,43,26.285714,17550,5460,0,50.400000000000006
0,base,half_logged,235,SAUSAGE-C,63,43,28,28,0,0,0,78,27,26.107143,12600,3920,0,62.400000000000006
0,base,half_logged,236,SAUSAGE-C,78,27,25,25,0,0,0,80,26,26.392857,11250,3500,0,64.0
0,base,half_logged,237,SAUSAGE-C,80,26,10,10,0,0,0,96,9,26.178571,4500,1400,0,76.80000000000001
0,base,half_logged,238,SAUSAGE-C,96,9,16,16,0,0,0,89,16,26.142857,7200,2240,0,71.2
0,base,half_logged,239,SAUSAGE-C,89,16,23,23,0,0,0,82,23,26.178571,10350,3220,0,65.60000000000001
0,base,half_logged,0,SPECIAL-D,24,0,11,11,0,0,0,13,31,11,7920,1760,0,10.4
0,base,half_logged,1,SPECIAL-D,13,31,4,4,0,0,0,40,0,7.5,2880,640,0,32.0
0,base,half_logged,2,SPECIAL-D,40,0,9,9,0,0,0,31,1,8,6480,1440,0,24.8
0,base,half_logged,3,SPECIAL-D,31,1,11,11,0,0,0,21,14,8.75,7920,1760,0,16.8
0,base,half_logged,4,SPECIAL-D,21,14,10,10,0,0,0,25,11,9,7200,1600,0,20.0
0,base,half_logged,5,SPECIAL-D,25,11,13,13,0,0,10,13,26,9.666667,9360,2080,5600,10.4
0,base,half_logged,6,SPECIAL-D,13,26,5,5,0,0,0,34,2,9,3600,800,0,27.200000000000003
0,base,half_logged,7,SPECIAL-D,34,2,14,14,0,0,0,22,17,9.625,10080,2240,0,17.6
0,base,half_logged,8,SPECIAL-D,22,17,10,10,0,0,0,29,10,9.666667,7200,1600,0,23.200000000000003
0,base,half_logged,9,SPECIAL-D,29,0,13,13,0,0,0,16,14,10,9360,2080,0,12.8
0,base,half_logged,10,SPECIAL-D,16,14,5,5,0,0,0,25,4,9.545455,3600,800,0,20.0
0,base,half_logged,11,SPECIAL-D,25,14,8,8,0,0,0,31,7,9.416667,5760,1280,0,24.8
0,base,half_logged,12,SPECIAL-D,31,7,14,14,0,0,3,21,19,9.769231,10080,2240,1680,16.8
0,base,half_logged,13,SPECIAL-D,21,19,8,8,0,0,0,32,7,9.642857,5760,1280,0,25.6
0,base,half_logged,14,SPECIAL-D,32,7,9,9,0,0,0,30,9,9.6,6480,1440,0,24.0
0,base,half_logged,15,SPECIAL-D,30,9,4,4,0,0,0,35,2,9.25,2880,640,0,28.0
0,base,half_logged,16,SPECIAL-D,35,2,6,6,0,0,0,31,6,9.058824,4320,960,0,24.8
0,base,half_logged,17,SPECIAL-D,31,6,8,8,0,0,13,16,20,9,5760,1280,7280,12.8
0,base,half_logged,18,SPECIAL-D,16,20,7,7,0,0,0,29,7,8.894737,5040,1120,0,23.200000000000003
0,base,half_logged,19,SPECIAL-D,29,7,9,9,0,0,1,26,10,8.9,6480,1440,560,20.8
0,base,half_logged,20,SPECIAL-D,26,10,8,8,0,0,0,28,8,8.857143,5760,1280,0,22.400000000000002
0,base,half_logged,21,SPECIAL-D,28,8,5,5,0,0,0,31,4,8.681818,3600,800,0,24.8
0,base,half_logged,22,SPECIAL-D,31,4,5,5,0,0,6,24,11,8.521739,3600,800,3360,19.200000000000003
0,base,half_logged,23,SPECIAL-D,24,11,8,8,0,0,2,25,9,8.5,5760,1280,1120,20.0
0,base,half_logged,24,SPECIAL-D,25,0,9,9,0,0,2,14,12,8.52,6480,1440,1120,11.200000000000001
0,base,half_logged,25,SPECIAL-D,14,0,10,10,0,0,0,4,10,8.576923,7200,1600,0,3.2
0,base,half_logged,26,SPECIAL-D,4,19,15,15,0,0,0,8,16,8.814815,10800,2400,0,6.4
0,base,half_logged,27,SPECIAL-D,8,28,5,5,0,0,0,31,4,8.678571,3600,800,0,24.8
0,base,half_logged,28,SPECIAL-D,31,4,5,5,0,0,0,30,4,8.464286,3600,800,0,24.0
0,base,half_logged,29,SPECIAL-D,30,4,9,9,0,0,0,25,10,8.642857,6480,1440,0,20.0
0,base,half_logged,30,SPECIAL-D,25,10,9,9,0,0,0,26,9,8.642857,6480,1440,0,20.8
0,base,half_logged,31,SPECIAL-D,26,9,6,6,0,0,8,21,13,8.464286,4320,960,4480,16.8
0,base,half_logged,32,SPECIAL-D,21,13,9,9,0,0,0,25,9,8.428571,6480,1440,0,20.0
0,base,half_logged,33,SPECIAL-D,25,0,12,12,0,0,0,13,12,8.392857,8640,1920,0,10.4
0,base,half_logged,34,SPECIAL-D,13,12,11,11,0,0,0,14,12,8.607143,7920,1760,0,11.200000000000001
0,base,half_logged,35,SPECIAL-D,14,21,5,5,0,0,0,30,4,8.285714,3600,800,0,24.0
0,base,half_logged,36,SPECIAL-D,30,4,14,14,0,0,0,20,14,8.428571,10080,2240,0,16.0
0,base,half_logged,37,SPECIAL-D,20,14,8,8,0,0,0,26,7,8.25,5760,1280,0,20.8
0,base,half_logged,38,SPECIAL-D,26,7,11,11,0,0,0,22,12,8.464286,7920,1760,0,17.6
0,base,half_logged,39,SPECIAL-D,22,12,9,9,0,0,0,25,9,8.5,6480,1440,0,20.0
0,base,half_logged,40,SPECIAL-D,25,9,7,7,0,0,0,27,6,8.25,5040,1120,0,21.6
0,base,half_logged,41,SPECIAL-D,27,6,5,5,0,0,0,28,5,8.142857,3600,800,0,22.400000000000002
0,base,half_logged,42,SPECIAL-D,28,0,7,7,0,0,1,20,8,8.071429,5040,1120,560,16.0
0,base,half_logged,43,SPECIAL-D,20,8,4,4,0,0,5,19,9,8.071429,2880,640,2800,15.200000000000001
0,base,half_logged,44,SPECIAL-D,19,5,11,11,0,0,5,8,16,8.25,7920,1760,2800,6.4
0,base,half_logged,45,SPECIAL-D,8,16,9,9,0,0,0,15,10,8.285714,6480,1440,0,12.0
0,base,half_logged,46,SPECIAL-D,15,9,9,9,0,0,0,15,9,8.357143,6480,1440,0,12.0
0,base,half_logged,47,SPECIAL-D,15,9,10,10,0,0,0,14,10,8.392857,7200,1600,0,11.200000000000001
0,base,half_logged,48,SPECIAL-D,14,20,9,9,0,0,0,25,9,8.428571,6480,1440,0,20.0
0,base,half_logged,49,SPECIAL-D,25,9,8,8,0,0,0,26,9,8.535714,5760,1280,0,20.8
0,base,half_logged,50,SPECIAL-D,26,9,7,7,0,0,0,28,7,8.607143,5040,1120,0,22.400000000000002
0,base,half_logged,51,SPECIAL-D,28,7,7,7,0,0,0,28,7,8.571429,5040,1120,0,22.400000000000002
0,base,half_logged,52,SPECIAL-D,28,7,10,10,0,0,3,22,13,8.607143,7200,1600,1680,17.6
0,base,half_logged,53,SPECIAL-D,22,13,8,8,0,0,0,27,8,8.535714,5760,1280,0,21.6
0,base,half_logged,54,SPECIAL-D,27,8,9,9,0,0,0,26,8,8.321429,6480,1440,0,20.8
0,base,half_logged,55,SPECIAL-D,26,0,9,9,0,0,0,17,9,8.464286,6480,1440,0,13.600000000000001
0,base,half_logged,56,SPECIAL-D,17,9,9,9,0,0,0,17,10,8.607143,6480,1440,0,13.600000000000001
0,base,half_logged,57,SPECIAL-D,17,18,13,13,0,0,0,22,13,8.75,9360,2080,0,17.6
0,base,half_logged,58,SPECIAL-D,22,0,5,5,0,0,0,17,5,8.607143,3600,800,0,13.600000000000001
0,base,half_logged,59,SPECIAL-D,17,5,5,5,0,0,0,17,5,8.571429,3600,800,0,13.600000000000001
0,base,half_logged,60,SPECIAL-D,17,13,11,11,0,0,0,19,11,8.642857,7920,1760,0,15.200000000000001
0,base,half_logged,61,SPECIAL-D,19,11,17,17,0,0,1,12,19,8.821429,12240,2720,560,9.600000000000001
0,base,half_logged,62,SPECIAL-D,12,24,5,5,0,0,0,31,4,8.607143,3600,800,0,24.8
0,base,half_logged,63,SPECIAL-D,31,4,6,6,0,0,0,29,6,8.642857,4320,960,0,23.200000000000003
0,base,half_logged,64,SPECIAL-D,29,6,10,10,0,0,0,25,9,8.5,7200,1600,0,20.0
0,base,half_logged,65,SPECIAL-D,25,9,6,6,0,0,0,28,6,8.428571,4320,960,0,22.400000000000002
0,base,half_logged,66,SPECIAL-D,28,6,6,6,0,0,9,19,14,8.25,4320,960,5040,15.200000000000001
0,base,half_logged,67,SPECIAL-D,19,14,6,6,0,0,0,27,6,8.142857,4320,960,0,21.6
0,base,half_logged,68,SPECIAL-D,27,6,8,8,0,0,0,25,8,8.178571,5760,1280,0,20.0
0,base,half_logged,69,SPECIAL-D,25,8,3,3,0,0,0,30,3,8.107143,2160,480,0,24.0
0,base,half_logged,70,SPECIAL-D,30,3,6,6,0,0,2,25,8,8.071429,4320,960,1120,20.0
0,base,half_logged,71,SPECIAL-D,25,8,8,8,0,0,8,17,16,8.214286,5760,1280,4480,13.600000000000001
0,base,half_logged,72,SPECIAL-D,17,16,6,6,0,0,0,27,6,8.035714,4320,960,0,21.6
0,base,half_logged,73,SPECIAL-D,27,6,5,5,0,0,0,28,4,7.892857,3600,800,0,22.400000000000002
0,base,half_logged,74,SPECIAL-D,28,4,11,11,0,0,0,21,11,7.964286,7920,1760,0,16.8
0,base,half_logged,75,SPECIAL-D,21,11,8,8,0,0,0,24,8,7.892857,5760,1280,0,19.200000000000003
0,base,half_logged,76,SPECIAL-D,24,8,4,4,0,0,3,25,6,7.714286,2880,640,1680,20.0
0,base,half_logged,77,SPECIAL-D,25,6,8,8,0,0,2,21,10,7.714286,5760,1280,1120,16.8
0,base,half_logged,78,SPECIAL-D,21,10,9,9,0,0,0,22,10,7.785714,6480,1440,0,17.6
0,base,half_logged,79,SPECIAL-D,22,10,9,9,0,0,0,23,9,7.857143,6480,1440,0,18.400000000000002
0,base,half_logged,80,SPECIAL-D,23,0,3,3,0,0,0,20,2,7.607143,2160,480,0,16.0
0,base,half_logged,81,SPECIAL-D,20,2,7,7,0,0,0,15,7,7.571429,5040,1120,0,12.0
0,base,half_logged,82,SPECIAL-D,15,16,6,6,0,0,3,22,8,7.464286,4320,960,1680,17.6
0,base,half_logged,83,SPECIAL-D,22,0,8,8,0,0,4,10,12,7.428571,5760,1280,2240,8.0
0,base,half_logged,84,SPECIAL-D,10,12,7,7,0,0,0,15,7,7.357143,5040,1120,0,12.0
0,base,half_logged,85,SPECIAL-D,15,15,4,4,0,0,0,26,3,7.035714,2880,640,0,20.8
0,base,half_logged,86,SPECIAL-D,26,0,10,10,0,0,0,16,10,7.214286,7200,1600,0,12.8
0,base,half_logged,87,SPECIAL-D,16,10,6,6,0,0,0,20,6,7.25,4320,960,0,16.0
0,base,half_logged,88,SPECIAL-D,20,3,5,5,0,0,0,18,5,7.035714,3600,800,0,14.4
0,base,half_logged,89,SPECIAL-D,18,5,20,18,2,1,5,0,23,7.107143,12960,2880,2800,0.0
0,base,half_logged,90,SPECIAL-D,0,29,6,6,0,0,0,23,6,7.142857,4320,960,0,18.400000000000002
0,base,half_logged,91,SPECIAL-D,23,6,5,5,0,0,0,24,5,7.107143,3600,800,0,19.200000000000003
0,base,half_logged,92,SPECIAL-D,24,5,8,8,0,0,0,21,8,7.035714,5760,1280,0,16.8
0,base,half_logged,93,SPECIAL-D,21,8,5,5,0,0,0,24,4,7,3600,800,0,19.200000000000003
0,base,half_logged,94,SPECIAL-D,24,4,7,7,0,0,5,16,13,7.035714,5040,1120,2800,12.8
0,base,half_logged,95,SPECIAL-D,16,0,14,14,0,0,0,2,15,7.321429,10080,2240,0,1.6
0,base,half_logged,96,SPECIAL-D,2,15,5,5,0,0,0,12,4,7.214286,3600,800,0,9.600000000000001
0,base,half_logged,97,SPECIAL-D,12,17,6,6,0,0,0,23,7,7.321429,4320,960,0,18.400000000000002
0,base,half_logged,98,SPECIAL-D,23,7,12,12,0,0,0,18,13,7.535714,8640,1920,0,14.4
0,base,half_logged,99,SPECIAL-D,18,13,6,6,0,0,0,25,5,7.464286,4320,960,0,20.0
0,base,half_logged,100,SPECIAL-D,25,0,7,7,0,0,0,18,7,7.5,5040,1120,0,14.4
0,base,half_logged,101,SPECIAL-D,18,7,11,11,0,0,0,14,12,7.714286,7920,1760,0,11.200000000000001
0,base,half_logged,102,SPECIAL-D,14,17,8,8,0,0,0,23,8,7.607143,5760,1280,0,18.400000000000002
0,base,half_logged,103,SPECIAL-D,23,8,13,13,0,0,0,18,14,7.785714,9360,2080,0,14.4
0,base,half_logged,104,SPECIAL-D,18,14,12,12,0,0,0,20,13,8.071429,8640,1920,0,16.0
0,base,half_logged,105,SPECIAL-D,20,13,8,8,0,0,0,25,8,8.071429,5760,1280,0,20.0
0,base,half_logged,106,SPECIAL-D,25,8,6,6,0,0,0,27,5,7.964286,4320,960,0,21.6
0,base,half_logged,107,SPECIAL-D,27,5,12,12,0,0,0,20,13,8.071429,8640,1920,0,16.0
0,base,half_logged,108,SPECIAL-D,20,13,9,9,0,0,0,24,10,8.285714,6480,1440,0,19.200000000000003
0,base,half_logged,109,SPECIAL-D,24,10,10,10,0,0,0,24,10,8.392857,7200,1600,0,19.200000000000003
0,base,half_logged,110,SPECIAL-D,24,10,18,18,0,0,0,16,20,8.821429,12960,2880,0,12.8
0,base,half_logged,111,SPECIAL-D,16,0,5,5,0,0,0,11,4,8.714286,3600,800,0,8.8
0,base,half_logged,112,SPECIAL-D,11,4,16,15,1,0,0,0,16,9,10800,2400,0,0.0
0,base,half_logged,113,SPECIAL-D,0,20,4,4,0,0,0,16,4,9,2880,640,0,12.8
0,base,half_logged,114,SPECIAL-D,16,4,8,8,0,0,0,12,8,8.928571,5760,1280,0,9.600000000000001
0,base,half_logged,115,SPECIAL-D,12,16,6,6,0,0,0,22,6,8.928571,4320,960,0,17.6
0,base,half_logged,116,SPECIAL-D,22,0,8,8,0,0,0,14,9,9.035714,5760,1280,0,11.200000000000001
0,base,half_logged,117,SPECIAL-D,14,17,8,8,0,0,0,23,6,8.642857,5760,1280,0,18.400000000000002
0,base,half_logged,118,SPECIAL-D,23,12,7,7,0,0,0,28,7,8.678571,5040,1120,0,22.400000000000002
0,base,half_logged,119,SPECIAL-D,28,7,4,4,0,0,0,31,4,8.642857,2880,640,0,24.8
0,base,half_logged,120,SPECIAL-D,31,4,14,14,0,0,0,21,15,8.857143,10080,2240,0,16.8
0,base,half_logged,121,SPECIAL-D,21,15,11,11,0,0,0,25,12,9.071429,7920,1760,0,20.0
0,base,half_logged,122,SPECIAL-D,25,12,8,8,0,0,0,29,8,9.107143,5760,1280,0,23.200000000000003
0,base,half_logged,123,SPECIAL-D,29,8,10,10,0,0,0,27,9,8.964286,7200,1600,0,21.6
0,base,half_logged,124,SPECIAL-D,27,9,6,6,0,0,0,30,6,9,4320,960,0,24.0
0,base,half_logged,125,SPECIAL-D,30,6,9,9,0,0,1,26,11,9.107143,6480,1440,560,20.8
0,base,half_logged,126,SPECIAL-D,26,0,8,8,0,0,3,15,10,8.964286,5760,1280,1680,12.0
0,base,half_logged,127,SPECIAL-D,15,10,14,14,0,0,0,11,15,9.25,10080,2240,0,8.8
0,base,half_logged,128,SPECIAL-D,11,26,17,17,0,0,0,20,19,9.607143,12240,2720,0,16.0
0,base,half_logged,129,SPECIAL-D,20,19,11,11,0,0,0,28,11,9.607143,7920,1760,0,22.400000000000002
0,base,half_logged,130,SPECIAL-D,28,11,12,12,0,0,0,27,12,9.75,8640,1920,0,21.6
0,base,half_logged,131,SPECIAL-D,27,12,16,16,0,0,0,23,17,9.857143,11520,2560,0,18.400000000000002
0,base,half_logged,132,SPECIAL-D,23,0,5,5,0,0,0,18,4,9.607143,3600,800,0,14.4
0,base,half_logged,133,SPECIAL-D,18,4,10,10,0,0,0,12,10,9.678571,7200,1600,0,9.600000000000001
0,base,half_logged,134,SPECIAL-D,12,27,10,10,0,0,0,29,11,9.821429,7200,1600,0,23.200000000000003
0,base,half_logged,135,SPECIAL-D,29,0,7,7,0,0,0,22,6,9.642857,5040,1120,0,17.6
0,base,half_logged,136,SPECIAL-D,22,6,14,14,0,0,0,14,15,9.821429,10080,2240,0,11.200000000000001
0,base,half_logged,137,SPECIAL-D,14,11,29,25,4,2,0,0,27,10.428571,18000,4000,0,0.0
0,base,half_logged,138,SPECIAL-D,0,27,14,14,0,0,0,13,14,10.285714,10080,2240,0,10.4
0,base,half_logged,139,SPECIAL-D,13,29,9,9,0,0,0,33,9,10.428571,6480,1440,0,26.400000000000002
0,base,half_logged,140,SPECIAL-D,33,9,12,12,0,0,0,30,12,10.321429,8640,1920,0,24.0
0,base,half_logged,141,SPECIAL-D,30,12,9,9,0,0,0,33,9,10.5,6480,1440,0,26.400000000000002
0,base,half_logged,142,SPECIAL-D,33,9,17,17,0,0,0,25,19,10.821429,12240,2720,0,20.0
0,base,half_logged,143,SPECIAL-D,25,19,4,4,0,0,0,40,3,10.75,2880,640,0,32.0
0,base,half_logged,144,SPECIAL-D,40,3,10,10,0,0,0,33,11,10.821429,7200,1600,0,26.400000000000002
0,base,half_logged,145,SPECIAL-D,33,0,11,11,0,0,2,20,13,10.928571,7920,1760,1120,16.0
0,base,half_logged,146,SPECIAL-D,20,13,5,5,0,0,0,28,5,10.857143,3600,800,0,22.400000000000002
0,base,half_logged,147,SPECIAL-D,28,16,7,7,0,0,12,25,19,10.964286,5040,1120,6720,20.0
0,base,half_logged,148,SPECIAL-D,25,19,24,24,0,0,0,20,26,11.321429,17280,3840,0,16.0
0,base,half_logged,149,SPECIAL-D,20,26,9,9,0,0,0,37,8,11.25,6480,1440,0,29.6
0,base,half_logged,150,SPECIAL-D,37,8,6,6,0,0,0,39,6,11.178571,4320,960,0,31.200000000000003
0,base,half_logged,151,SPECIAL-D,39,6,12,12,0,0,0,33,12,11.25,8640,1920,0,26.400000000000002
0,base,half_logged,152,SPECIAL-D,33,12,10,10,0,0,0,35,11,11.392857,7200,1600,0,28.0
0,base,half_logged,153,SPECIAL-D,35,11,8,8,0,0,9,29,17,11.357143,5760,1280,5040,23.200000000000003
0,base,half_logged,154,SPECIAL-D,29,17,8,8,0,0,0,38,8,11.357143,5760,1280,0,30.400000000000002
0,base,half_logged,155,SPECIAL-D,38,0,11,11,0,0,0,27,10,11.25,7920,1760,0,21.6
0,base,half_logged,156,SPECIAL-D,27,10,6,6,0,0,0,31,5,10.857143,4320,960,0,24.8
0,base,half_logged,157,SPECIAL-D,31,13,7,7,0,0,4,33,10,10.714286,5040,1120,2240,26.400000000000002
0,base,half_logged,158,SPECIAL-D,33,10,13,13,0,0,10,20,23,10.75,9360,2080,5600,16.0
0,base,half_logged,159,SPECIAL-D,20,23,13,13,0,0,0,30,13,10.642857,9360,2080,0,24.0
0,base,half_logged,160,SPECIAL-D,30,13,25,25,0,0,0,18,28,11.357143,18000,4000,0,14.4
0,base,half_logged,161,SPECIAL-D,18,28,15,15,0,0,0,31,16,11.535714,10800,2400,0,24.8
0,base,half_logged,162,SPECIAL-D,31,16,7,7,0,0,0,40,6,11.428571,5040,1120,0,32.0
0,base,half_logged,163,SPECIAL-D,40,6,12,12,0,0,0,34,13,11.607143,8640,1920,0,27.200000000000003
0,base,half_logged,164,SPECIAL-D,34,13,23,23,0,0,0,24,24,11.928571,16560,3680,0,19.200000000000003
0,base,half_logged,165,SPECIAL-D,24,24,9,9,0,0,0,39,7,11.285714,6480,1440,0,31.200000000000003
0,base,half_logged,166,SPECIAL-D,39,7,11,11,0,0,0,35,10,11.178571,7920,1760,0,28.0
0,base,half_logged,167,SPECIAL-D,35,10,5,5,0,0,0,40,5,11.035714,3600,800,0,32.0
0,base,half_logged,168,SPECIAL-D,40,5,18,18,0,0,0,27,18,11.25,12960,2880,0,21.6
0,base,half_logged,169,SPECIAL-D,27,18,14,14,0,0,5,26,20,11.428571,10080,2240,2800,20.8
0,base,half_logged,170,SPECIAL-D,26,20,10,10,0,0,0,36,9,11.178571,7200,1600,0,28.8
0,base,half_logged,171,SPECIAL-D,36,9,8,8,0,0,0,37,9,11.321429,5760,1280,0,29.6
0,base,half_logged,172,SPECIAL-D,37,9,13,13,0,0,0,33,13,11.428571,9360,2080,0,26.400000000000002
0,base,half_logged,173,SPECIAL-D,33,13,20,20,0,0,0,26,21,11.75,14400,3200,0,20.8
0,base,half_logged,174,SPECIAL-D,26,21,7,7,0,0,0,40,8,11.821429,5040,1120,0,32.0
0,base,half_logged,175,SPECIAL-D,40,8,6,6,0,0,0,42,6,11.785714,4320,960,0,33.6
0,base,half_logged,176,SPECIAL-D,42,6,7,7,0,0,0,41,4,11.178571,5040,1120,0,32.800000000000004
0,base,half_logged,177,SPECIAL-D,41,4,11,11,0,0,6,28,17,11.25,7920,1760,3360,22.400000000000002
0,base,half_logged,178,SPECIAL-D,28,17,14,14,0,0,10,21,26,11.535714,10080,2240,5600,16.8
0,base,half_logged,179,SPECIAL-D,21,26,11,11,0,0,0,36,10,11.5,7920,1760,0,28.8
0,base,half_logged,180,SPECIAL-D,36,10,10,10,0,0,0,36,10,11.5,7200,1600,0,28.8
0,base,half_logged,181,SPECIAL-D,36,10,4,4,0,0,0,42,4,11.357143,2880,640,0,33.6
0,base,half_logged,182,SPECIAL-D,42,4,5,5,0,0,0,41,4,11.25,3600,800,0,32.800000000000004
0,base,half_logged,183,SPECIAL-D,41,4,14,14,0,0,17,14,32,11.357143,10080,2240,9520,11.200000000000001
0,base,half_logged,184,SPECIAL-D,14,32,14,14,0,0,0,32,15,11.642857,10080,2240,0,25.6
0,base,half_logged,185,SPECIAL-D,32,15,6,6,0,0,0,41,6,11.607143,4320,960,0,32.800000000000004
0,base,half_logged,186,SPECIAL-D,41,6,14,14,0,0,0,33,14,11.642857,10080,2240,0,26.400000000000002
0,base,half_logged,187,SPECIAL-D,33,14,10,10,0,0,0,37,10,11.535714,7200,1600,0,29.6
0,base,half_logged,188,SPECIAL-D,37,10,16,16,0,0,2,29,16,11.214286,11520,2560,1120,23.200000000000003
0,base,half_logged,189,SPECIAL-D,29,16,6,6,0,0,0,39,5,10.892857,4320,960,0,31.200000000000003
0,base,half_logged,190,SPECIAL-D,39,5,4,4,0,0,0,40,4,10.785714,2880,640,0,32.0
0,base,half_logged,191,SPECIAL-D,40,4,4,4,0,0,9,31,11,10.5,2880,640,5040,24.8
0,base,half_logged,192,SPECIAL-D,31,11,20,20,0,0,6,16,26,10.392857,14400,3200,3360,12.8
0,base,half_logged,193,SPECIAL-D,16,0,10,10,0,0,0,6,10,10.428571,7200,1600,0,4.800000000000001
0,base,half_logged,194,SPECIAL-D,6,10,7,7,0,0,0,9,7,10.285714,5040,1120,0,7.2
0,base,half_logged,195,SPECIAL-D,9,33,6,6,0,0,0,36,6,10.321429,4320,960,0,28.8
0,base,half_logged,196,SPECIAL-D,36,6,10,10,0,0,0,32,9,10.035714,7200,1600,0,25.6
0,base,half_logged,197,SPECIAL-D,32,9,9,9,0,0,0,32,8,9.857143,6480,1440,0,25.6
0,base,half_logged,198,SPECIAL-D,32,0,9,9,0,0,0,23,9,9.821429,6480,1440,0,18.400000000000002
0,base,half_logged,199,SPECIAL-D,23,9,9,9,0,0,8,15,17,9.857143,6480,1440,4480,12.0
0,base,half_logged,200,SPECIAL-D,15,25,7,7,0,0,0,33,6,9.642857,5040,1120,0,26.400000000000002
0,base,half_logged,201,SPECIAL-D,33,6,12,12,0,0,0,27,11,9.357143,8640,1920,0,21.6
0,base,half_logged,202,SPECIAL-D,27,0,4,4,0,0,0,23,3,9.25,2880,640,0,18.400000000000002
0,base,half_logged,203,SPECIAL-D,23,3,7,7,0,0,0,19,8,9.285714,5040,1120,0,15.200000000000001
0,base,half_logged,204,SPECIAL-D,19,19,14,14,0,0,10,14,25,9.535714,10080,2240,5600,11.200000000000001
0,base,half_logged,205,SPECIAL-D,14,25,11,11,0,0,0,28,11,9.535714,7920,1760,0,22.400000000000002
0,base,half_logged,206,SPECIAL-D,28,11,8,8,0,0,0,31,7,9.321429,5760,1280,0,24.8
0,base,half_logged,207,SPECIAL-D,31,7,16,16,0,0,0,22,16,9.5,11520,2560,0,17.6
0,base,half_logged,208,SPECIAL-D,22,16,10,10,0,0,0,28,10,9.5,7200,1600,0,22.400000000000002
0,base,half_logged,209,SPECIAL-D,28,10,7,7,0,0,0,31,8,9.607143,5040,1120,0,24.8
0,base,half_logged,210,SPECIAL-D,31,0,7,7,0,0,0,24,7,9.678571,5040,1120,0,19.200000000000003
0,base,half_logged,211,SPECIAL-D,24,7,7,7,0,0,0,24,6,9.428571,5040,1120,0,19.200000000000003
0,base,half_logged,212,SPECIAL-D,24,14,13,13,0,0,7,18,20,9.392857,9360,2080,3920,14.4
0,base,half_logged,213,SPECIAL-D,18,20,10,10,0,0,0,28,11,9.535714,7200,1600,0,22.400000000000002
0,base,half_logged,214,SPECIAL-D,28,0,11,11,0,0,0,17,10,9.428571,7920,1760,0,13.600000000000001
0,base,half_logged,215,SPECIAL-D,17,10,15,15,0,0,0,12,16,9.607143,10800,2400,0,9.600000000000001
0,base,half_logged,216,SPECIAL-D,12,27,8,8,0,0,0,31,7,9.321429,5760,1280,0,24.8
0,base,half_logged,217,SPECIAL-D,31,0,27,27,0,0,0,4,30,10.071429,19440,4320,0,3.2
0,base,half_logged,218,SPECIAL-D,4,30,4,4,0,0,0,30,4,10.071429,2880,640,0,24.0
0,base,half_logged,219,SPECIAL-D,30,11,9,9,0,0,0,32,9,10.25,6480,1440,0,25.6
0,base,half_logged,220,SPECIAL-D,32,9,15,15,0,0,0,26,15,10.071429,10800,2400,0,20.8
0,base,half_logged,221,SPECIAL-D,26,15,11,11,0,0,0,30,11,10.107143,7920,1760,0,24.0
0,base,half_logged,222,SPECIAL-D,30,11,12,12,0,0,0,29,13,10.285714,8640,1920,0,23.200000000000003
0,base,half_logged,223,SPECIAL-D,29,13,10,10,0,0,0,32,10,10.428571,7200,1600,0,25.6
0,base,half_logged,224,SPECIAL-D,32,10,10,10,0,0,0,32,10,10.428571,7200,1600,0,25.6
0,base,half_logged,225,SPECIAL-D,32,10,8,8,0,0,0,34,8,10.392857,5760,1280,0,27.200000000000003
0,base,half_logged,226,SPECIAL-D,34,8,10,10,0,0,1,31,11,10.428571,7200,1600,560,24.8
0,base,half_logged,227,SPECIAL-D,31,11,11,11,0,0,3,28,14,10.5,7920,1760,1680,22.400000000000002
0,base,half_logged,228,SPECIAL-D,28,14,15,15,0,0,0,27,17,10.785714,10800,2400,0,21.6
0,base,half_logged,229,SPECIAL-D,27,17,13,13,0,0,0,31,13,10.821429,9360,2080,0,24.8
0,base,half_logged,230,SPECIAL-D,31,13,8,8,0,0,0,36,8,10.964286,5760,1280,0,28.8
0,base,half_logged,231,SPECIAL-D,36,0,12,12,0,0,0,24,13,11.142857,8640,1920,0,19.200000000000003
0,base,half_logged,232,SPECIAL-D,24,13,6,6,0,0,0,31,5,10.857143,4320,960,0,24.8
0,base,half_logged,233,SPECIAL-D,31,13,8,8,0,0,5,31,12,10.75,5760,1280,2800,24.8
0,base,half_logged,234,SPECIAL-D,31,0,12,12,0,0,5,14,18,10.892857,8640,1920,2800,11.200000000000001
0,base,half_logged,235,SPECIAL-D,14,18,5,5,0,0,0,27,3,10.5,3600,800,0,21.6
0,base,half_logged,236,SPECIAL-D,27,12,8,8,0,0,0,31,8,10.428571,5760,1280,0,24.8
0,base,half_logged,237,SPECIAL-D,31,8,6,6,0,0,1,32,7,10.392857,4320,960,560,25.6
0,base,half_logged,238,SPECIAL-D,32,10,14,14,0,0,0,28,15,10.642857,10080,2240,0,22.400000000000002
0,base,half_logged,239,SPECIAL-D,28,15,10,10,0,0,0,33,10,10.75,7200,1600,0,26.400000000000002
0,base,all_logged,0,BEEF-A,135,0,53,53,0,0,0,82,130,53,31270,8480,0,65.60000000000001
0,base,all_logged,1,BEEF-A,82,0,85,82,3,3,0,0,146,69,48380,13120,0,0.0
0,base,all_logged,2,BEEF-A,0,146,40,40,0,0,0,106,2,59.333333,23600,6400,0,84.80000000000001
0,base,all_logged,3,BEEF-A,106,130,46,46,0,0,0,190,32,56,27140,7360,0,152.0
0,base,all_logged,4,BEEF-A,190,0,54,54,0,0,0,136,53,55.6,31860,8640,0,108.80000000000001
0,base,all_logged,5,BEEF-A,136,55,31,31,0,0,0,160,14,51.5,18290,4960,0,128.0
0,base,all_logged,6,BEEF-A,160,46,36,36,0,0,0,170,28,49.285714,21240,5760,0,136.0
0,base,all_logged,7,BEEF-A,170,0,39,39,0,0,0,131,33,48,23010,6240,0,104.80000000000001
0,base,all_logged,8,BEEF-A,131,33,27,27,0,0,0,137,18,45.666667,15930,4320,0,109.60000000000001
0,base,all_logged,9,BEEF-A,137,46,31,31,0,0,3,149,28,44.2,18290,4960,1290,119.2
0,base,all_logged,10,BEEF-A,149,28,22,22,0,0,0,155,14,42.181818,12980,3520,0,124.0
0,base,all_logged,11,BEEF-A,155,14,51,51,0,0,2,116,56,42.916667,30090,8160,860,92.80000000000001
0,base,all_logged,12,BEEF-A,116,56,45,45,0,0,0,127,46,43.076923,26550,7200,0,101.60000000000001
0,base,all_logged,13,BEEF-A,127,46,52,52,0,0,0,121,54,43.714286,30680,8320,0,96.80000000000001
0,base,all_logged,14,BEEF-A,121,54,33,33,0,0,0,142,30,43,19470,5280,0,113.60000000000001
0,base,all_logged,15,BEEF-A,142,0,17,17,0,0,0,125,11,41.375,10030,2720,0,100.0
0,base,all_logged,16,BEEF-A,125,11,63,63,0,0,0,73,68,42.647059,37170,10080,0,58.400000000000006
0,base,all_logged,17,BEEF-A,73,98,29,29,0,0,0,142,26,41.888889,17110,4640,0,113.60000000000001
0,base,all_logged,18,BEEF-A,142,26,70,70,0,0,0,98,76,43.368421,41300,11200,0,78.4
0,base,all_logged,19,BEEF-A,98,76,63,63,0,0,0,111,67,44.35,37170,10080,0,88.80000000000001
0,base,all_logged,20,BEEF-A,111,67,26,26,0,0,0,152,22,43.47619,15340,4160,0,121.60000000000001
0,base,all_logged,21,BEEF-A,152,22,47,47,0,0,0,127,48,43.636364,27730,7520,0,101.60000000000001
0,base,all_logged,22,BEEF-A,127,48,41,41,0,0,0,134,41,43.521739,24190,6560,0,107.2
0,base,all_logged,23,BEEF-A,134,41,38,38,0,0,0,137,37,43.291667,22420,6080,0,109.60000000000001
0,base,all_logged,24,BEEF-A,137,0,29,29,0,0,0,108,26,42.72,17110,4640,0,86.4
0,base,all_logged,25,BEEF-A,108,26,52,52,0,0,0,82,54,43.076923,30680,8320,0,65.60000000000001
0,base,all_logged,26,BEEF-A,82,91,38,38,0,0,0,135,37,42.888889,22420,6080,0,108.0
0,base,all_logged,27,BEEF-A,135,0,35,35,0,0,0,100,34,42.607143,20650,5600,0,80.0
0,base,all_logged,28,BEEF-A,100,34,51,51,0,0,0,83,51,42.535714,30090,8160,0,66.4
0,base,all_logged,29,BEEF-A,83,88,30,30,0,0,0,141,22,40.571429,17700,4800,0,112.80000000000001
0,base,all_logged,30,BEEF-A,141,22,32,32,0,0,0,131,31,40.285714,18880,5120,0,104.80000000000001
0,base,all_logged,31,BEEF-A,131,31,34,34,0,0,0,128,32,39.857143,20060,5440,0,102.4
0,base,all_logged,32,BEEF-A,128,32,34,34,0,0,0,126,31,39.142857,20060,5440,0,100.80000000000001
0,base,all_logged,33,BEEF-A,126,31,56,56,0,0,0,101,60,40.035714,33040,8960,0,80.80000000000001
0,base,all_logged,34,BEEF-A,101,60,39,39,0,0,0,122,39,40.142857,23010,6240,0,97.60000000000001
0,base,all_logged,35,BEEF-A,122,39,19,19,0,0,0,142,16,39.428571,11210,3040,0,113.60000000000001
0,base,all_logged,36,BEEF-A,142,0,27,27,0,0,0,115,27,39.428571,15930,4320,0,92.0
0,base,all_logged,37,BEEF-A,115,27,23,23,0,0,0,119,22,39.142857,13570,3680,0,95.2
0,base,all_logged,38,BEEF-A,119,38,55,55,0,0,0,102,60,40.321429,32450,8800,0,81.60000000000001
0,base,all_logged,39,BEEF-A,102,0,34,34,0,0,0,68,31,39.714286,20060,5440,0,54.400000000000006
0,base,all_logged,40,BEEF-A,68,31,55,55,0,0,0,44,57,40.071429,32450,8800,0,35.2
0,base,all_logged,41,BEEF-A,44,117,43,43,0,0,0,118,41,39.75,25370,6880,0,94.4
0,base,all_logged,42,BEEF-A,118,41,45,45,0,0,0,114,47,40.178571,26550,7200,0,91.2
0,base,all_logged,43,BEEF-A,114,47,48,48,0,0,0,113,53,41.285714,28320,7680,0,90.4
0,base,all_logged,44,BEEF-A,113,0,52,52,0,0,0,61,50,40.892857,30680,8320,0,48.800000000000004
0,base,all_logged,45,BEEF-A,61,50,54,54,0,0,0,57,58,41.785714,31860,8640,0,45.6
0,base,all_logged,46,BEEF-A,57,53,46,46,0,0,0,64,42,40.928571,27140,7360,0,51.2
0,base,all_logged,47,BEEF-A,64,42,123,106,17,17,0,0,115,43.071429,62540,16960,0,0.0
0,base,all_logged,48,BEEF-A,0,173,20,20,0,0,0,153,19,42.857143,11800,3200,0,122.4
0,base,all_logged,49,BEEF-A,153,19,50,50,0,0,0,122,50,42.964286,29500,8000,0,97.60000000000001
0,base,all_logged,50,BEEF-A,122,0,43,43,0,0,0,79,44,43.035714,25370,6880,0,63.2
0,base,all_logged,51,BEEF-A,79,44,34,34,0,0,0,89,33,42.892857,20060,5440,0,71.2
0,base,all_logged,52,BEEF-A,89,83,48,48,0,0,0,124,51,43.571429,28320,7680,0,99.2
0,base,all_logged,53,BEEF-A,124,0,48,48,0,0,0,76,47,43.428571,28320,7680,0,60.800000000000004
0,base,all_logged,54,BEEF-A,76,47,32,32,0,0,0,91,31,43.214286,18880,5120,0,72.8
0,base,all_logged,55,BEEF-A,91,82,30,30,0,0,0,143,30,43.035714,17700,4800,0,114.4
0,base,all_logged,56,BEEF-A,143,30,47,47,0,0,0,126,46,42.892857,27730,7520,0,100.80000000000001
0,base,all_logged,57,BEEF-A,126,46,47,47,0,0,0,125,49,43.5,27730,7520,0,100.0
0,base,all_logged,58,BEEF-A,125,49,24,24,0,0,0,150,23,43.214286,14160,3840,0,120.0
0,base,all_logged,59,BEEF-A,150,23,38,38,0,0,0,135,39,43.357143,22420,6080,0,108.0
0,base,all_logged,60,BEEF-A,135,39,54,54,0,0,0,120,57,44.071429,31860,8640,0,96.0
0,base,all_logged,61,BEEF-A,120,57,52,52,0,0,0,125,51,43.928571,30680,8320,0,100.0
0,base,all_logged,62,BEEF-A,125,51,25,25,0,0,0,151,23,43.428571,14750,4000,0,120.80000000000001
0,base,all_logged,63,BEEF-A,151,0,40,40,0,0,0,111,43,44.178571,23600,6400,0,88.80000000000001
0,base,all_logged,64,BEEF-A,111,43,26,26,0,0,0,128,26,44.142857,15340,4160,0,102.4
0,base,all_logged,65,BEEF-A,128,49,41,41,0,0,0,136,44,44.785714,24190,6560,0,108.80000000000001
0,base,all_logged,66,BEEF-A,136,44,31,31,0,0,0,149,27,43.928571,18290,4960,0,119.2
0,base,all_logged,67,BEEF-A,149,27,44,44,0,0,0,132,46,44.285714,25960,7040,0,105.60000000000001
0,base,all_logged,68,BEEF-A,132,46,46,46,0,0,0,132,44,43.964286,27140,7360,0,105.60000000000001
0,base,all_logged,69,BEEF-A,132,44,17,17,0,0,0,159,14,43.035714,10030,2720,0,127.2
0,base,all_logged,70,BEEF-A,159,14,48,48,0,0,0,125,48,43.142857,28320,7680,0,100.0
0,base,all_logged,71,BEEF-A,125,48,50,50,0,0,0,123,50,43.214286,29500,8000,0,98.4
0,base,all_logged,72,BEEF-A,123,50,67,67,0,0,0,106,69,43.75,39530,10720,0,84.80000000000001
0,base,all_logged,73,BEEF-A,106,69,36,36,0,0,0,139,34,43.107143,21240,5760,0,111.2
0,base,all_logged,74,BEEF-A,139,34,38,38,0,0,0,135,37,42.821429,22420,6080,0,108.0
0,base,all_logged,75,BEEF-A,135,37,57,57,0,0,0,115,47,40.464286,33630,9120,0,92.0
0,base,all_logged,76,BEEF-A,115,47,46,46,0,0,0,116,50,41.392857,27140,7360,0,92.80000000000001
0,base,all_logged,77,BEEF-A,116,50,32,32,0,0,0,134,29,40.75,18880,5120,0,107.2
0,base,all_logged,78,BEEF-A,134,29,27,27,0,0,0,136,25,40.178571,15930,4320,0,108.80000000000001
0,base,all_logged,79,BEEF-A,136,25,56,56,0,0,0,105,59,40.964286,33040,8960,0,84.0
0,base,all_logged,80,BEEF-A,105,59,81,81,0,0,0,83,86,42.142857,47790,12960,0,66.4
0,base,all_logged,81,BEEF-A,83,86,25,25,0,0,0,144,22,41.321429,14750,4000,0,115.2
0,base,all_logged,82,BEEF-A,144,22,37,37,0,0,0,129,37,41.5,21830,5920,0,103.2
0,base,all_logged,83,BEEF-A,129,37,36,36,0,0,0,130,37,41.714286,21240,5760,0,104.0
0,base,all_logged,84,BEEF-A,130,37,65,65,0,0,0,102,68,42.357143,38350,10400,0,81.60000000000001
0,base,all_logged,85,BEEF-A,102,68,30,30,0,0,0,140,27,41.75,17700,4800,0,112.0
0,base,all_logged,86,BEEF-A,140,27,40,40,0,0,0,127,43,42.321429,23600,6400,0,101.60000000000001
0,base,all_logged,87,BEEF-A,127,43,54,54,0,0,0,116,56,42.892857,31860,8640,0,92.80000000000001
0,base,all_logged,88,BEEF-A,116,56,50,50,0,0,0,122,49,42.75,29500,8000,0,97.60000000000001
0,base,all_logged,89,BEEF-A,122,0,47,47,0,0,0,75,47,42.571429,27730,7520,0,60.0
0,base,all_logged,90,BEEF-A,75,47,19,19,0,0,0,103,18,42.357143,11210,3040,0,82.4
0,base,all_logged,91,BEEF-A,103,67,36,36,0,0,0,134,35,42.214286,21240,5760,0,107.2
0,base,all_logged,92,BEEF-A,134,35,57,57,0,0,0,112,62,43.321429,33630,9120,0,89.60000000000001
0,base,all_logged,93,BEEF-A,112,62,44,44,0,0,0,130,44,43.428571,25960,7040,0,104.0
0,base,all_logged,94,BEEF-A,130,0,45,45,0,0,0,85,47,43.928571,26550,7200,0,68.0
0,base,all_logged,95,BEEF-A,85,47,41,41,0,0,0,91,41,43.821429,24190,6560,0,72.8
0,base,all_logged,96,BEEF-A,91,44,57,57,0,0,0,78,58,44.214286,33630,9120,0,62.400000000000006
0,base,all_logged,97,BEEF-A,78,58,16,16,0,0,0,120,16,44.178571,9440,2560,0,96.0
0,base,all_logged,98,BEEF-A,120,57,29,29,0,0,0,148,26,43.5,17110,4640,0,118.4
0,base,all_logged,99,BEEF-A,148,26,25,25,0,0,0,149,22,42.607143,14750,4000,0,119.2
0,base,all_logged,100,BEEF-A,149,22,110,110,0,0,0,61,116,44.142857,64900,17600,0,48.800000000000004
0,base,all_logged,101,BEEF-A,61,116,46,46,0,0,0,131,47,44.5,27140,7360,0,104.80000000000001
0,base,all_logged,102,BEEF-A,131,47,53,53,0,0,0,125,56,45.035714,31270,8480,0,100.0
0,base,all_logged,103,BEEF-A,125,56,63,63,0,0,0,118,63,45.25,37170,10080,0,94.4
0,base,all_logged,104,BEEF-A,118,63,17,17,0,0,0,164,13,44.214286,10030,2720,0,131.20000000000002
0,base,all_logged,105,BEEF-A,164,13,23,23,0,0,0,154,22,43.892857,13570,3680,0,123.2
0,base,all_logged,106,BEEF-A,154,22,58,58,0,0,0,118,62,45,34220,9280,0,94.4
0,base,all_logged,107,BEEF-A,118,62,29,29,0,0,0,151,26,44.035714,17110,4640,0,120.80000000000001
0,base,all_logged,108,BEEF-A,151,26,79,79,0,0,0,98,78,43.964286,46610,12640,0,78.4
0,base,all_logged,109,BEEF-A,98,0,28,28,0,0,0,70,29,44.071429,16520,4480,0,56.0
0,base,all_logged,110,BEEF-A,70,29,48,48,0,0,0,51,49,44.464286,28320,7680,0,40.800000000000004
0,base,all_logged,111,BEEF-A,51,127,28,28,0,0,0,150,27,44.178571,16520,4480,0,120.0
0,base,all_logged,112,BEEF-A,150,27,63,63,0,0,0,114,63,44.107143,37170,10080,0,91.2
0,base,all_logged,113,BEEF-A,114,0,17,17,0,0,0,97,15,43.642857,10030,2720,0,77.60000000000001
0,base,all_logged,114,BEEF-A,97,15,38,38,0,0,0,74,38,43.571429,22420,6080,0,59.2
0,base,all_logged,115,BEEF-A,74,101,37,37,0,0,0,138,34,42.964286,21830,5920,0,110.4
0,base,all_logged,116,BEEF-A,138,34,72,72,0,0,0,100,75,43.75,42480,11520,0,80.0
0,base,all_logged,117,BEEF-A,100,0,91,91,0,0,0,9,98,45.321429,53690,14560,0,7.2
0,base,all_logged,118,BEEF-A,9,98,34,34,0,0,0,73,36,45.857143,20060,5440,0,58.400000000000006
0,base,all_logged,119,BEEF-A,73,111,28,28,0,0,0,156,27,45.571429,16520,4480,0,124.80000000000001
0,base,all_logged,120,BEEF-A,156,27,39,39,0,0,0,144,36,44.928571,23010,6240,0,115.2
0,base,all_logged,121,BEEF-A,144,36,77,77,0,0,0,103,82,46.107143,45430,12320,0,82.4
0,base,all_logged,122,BEEF-A,103,82,48,48,0,0,0,137,48,46.214286,28320,7680,0,109.60000000000001
0,base,all_logged,123,BEEF-A,137,0,84,84,0,0,0,53,90,47.75,49560,13440,0,42.400000000000006
0,base,all_logged,124,BEEF-A,53,90,82,82,0,0,0,61,86,48.642857,48380,13120,0,48.800000000000004
0,base,all_logged,125,BEEF-A,61,134,26,26,0,0,0,169,27,49,15340,4160,0,135.20000000000002
0,base,all_logged,126,BEEF-A,169,27,146,146,0,0,0,50,163,53.178571,86140,23360,0,40.0
0,base,all_logged,127,BEEF-A,50,163,39,39,0,0,0,174,41,53.678571,23010,6240,0,139.20000000000002
0,base,all_logged,128,BEEF-A,174,41,32,32,0,0,0,183,21,50.892857,18880,5120,0,146.4
0,base,all_logged,129,BEEF-A,183,21,61,61,0,0,0,143,63,51.428571,35990,9760,0,114.4
0,base,all_logged,130,BEEF-A,143,63,79,79,0,0,0,127,83,52.357143,46610,12640,0,101.60000000000001
0,base,all_logged,131,BEEF-A,127,83,47,47,0,0,0,163,45,51.785714,27730,7520,0,130.4
0,base,all_logged,132,BEEF-A,163,45,34,34,0,0,0,174,36,52.392857,20060,5440,0,139.20000000000002
0,base,all_logged,133,BEEF-A,174,36,35,35,0,0,0,175,37,52.821429,20650,5600,0,140.0
0,base,all_logged,134,BEEF-A,175,37,27,27,0,0,0,185,22,51.714286,15930,4320,0,148.0
0,base,all_logged,135,BEEF-A,185,22,61,61,0,0,0,146,66,52.857143,35990,9760,0,116.80000000000001
0,base,all_logged,136,BEEF-A,146,66,70,70,0,0,0,142,69,52.535714,41300,11200,0,113.60000000000001
0,base,all_logged,137,BEEF-A,142,69,118,118,0,0,0,93,130,55.75,69620,18880,0,74.4
0,base,all_logged,138,BEEF-A,93,130,96,96,0,0,0,127,103,57.464286,56640,15360,0,101.60000000000001
0,base,all_logged,139,BEEF-A,127,0,109,109,0,0,0,18,121,60.357143,64310,17440,0,14.4
0,base,all_logged,140,BEEF-A,18,121,26,26,0,0,0,113,21,59.035714,15340,4160,0,90.4
0,base,all_logged,141,BEEF-A,113,124,30,30,0,0,0,207,31,59.5,17700,4800,0,165.60000000000002
0,base,all_logged,142,BEEF-A,207,31,66,66,0,0,0,172,70,60.5,38940,10560,0,137.6
0,base,all_logged,143,BEEF-A,172,70,57,57,0,0,0,185,60,61.214286,33630,9120,0,148.0
0,base,all_logged,144,BEEF-A,185,60,79,79,0,0,0,166,80,61.464286,46610,12640,0,132.8
0,base,all_logged,145,BEEF-A,166,80,66,66,0,0,0,180,63,60.571429,38940,10560,0,144.0
0,base,all_logged,146,BEEF-A,180,63,41,41,0,0,0,202,42,60.821429,24190,6560,0,161.60000000000002
0,base,all_logged,147,BEEF-A,202,42,63,63,0,0,0,181,68,62.071429,37170,10080,0,144.8
0,base,all_logged,148,BEEF-A,181,68,39,39,0,0,0,210,39,62.071429,23010,6240,0,168.0
0,base,all_logged,149,BEEF-A,210,39,29,29,0,0,0,220,22,60.357143,17110,4640,0,176.0
0,base,all_logged,150,BEEF-A,220,22,30,30,0,0,0,212,27,59.714286,17700,4800,0,169.60000000000002
0,base,all_logged,151,BEEF-A,212,27,70,70,0,0,0,169,68,59.214286,41300,11200,0,135.20000000000002
0,base,all_logged,152,BEEF-A,169,68,67,67,0,0,0,170,65,58.678571,39530,10720,0,136.0
0,base,all_logged,153,BEEF-A,170,65,25,25,0,0,0,210,25,58.642857,14750,4000,0,168.0
0,base,all_logged,154,BEEF-A,210,25,121,121,0,0,0,114,117,57.75,71390,19360,0,91.2
0,base,all_logged,155,BEEF-A,114,0,101,101,0,0,0,13,110,59.964286,59590,16160,0,10.4
0,base,all_logged,156,BEEF-A,13,110,41,41,0,0,0,82,43,60.285714,24190,6560,0,65.60000000000001
0,base,all_logged,157,BEEF-A,82,160,30,30,0,0,0,212,25,59.178571,17700,4800,0,169.60000000000002
0,base,all_logged,158,BEEF-A,212,25,57,57,0,0,0,180,54,58.392857,33630,9120,0,144.0
0,base,all_logged,159,BEEF-A,180,54,78,78,0,0,0,156,82,59.5,46020,12480,0,124.80000000000001
0,base,all_logged,160,BEEF-A,156,82,41,41,0,0,0,197,42,59.75,24190,6560,0,157.60000000000002
0,base,all_logged,161,BEEF-A,197,42,78,78,0,0,0,161,85,61.285714,46020,12480,0,128.8
0,base,all_logged,162,BEEF-A,161,0,38,38,0,0,0,123,39,61.678571,22420,6080,0,98.4
0,base,all_logged,163,BEEF-A,123,39,51,51,0,0,0,111,50,61.321429,30090,8160,0,88.80000000000001
0,base,all_logged,164,BEEF-A,111,135,73,73,0,0,0,173,73,61.428571,43070,11680,0,138.4
0,base,all_logged,165,BEEF-A,173,73,61,61,0,0,0,185,53,59.392857,35990,9760,0,148.0
0,base,all_logged,166,BEEF-A,185,53,68,68,0,0,0,170,64,58.392857,40120,10880,0,136.0
0,base,all_logged,167,BEEF-A,170,64,39,39,0,0,0,195,29,55.892857,23010,6240,0,156.0
0,base,all_logged,168,BEEF-A,195,29,35,35,0,0,0,189,36,56.214286,20650,5600,0,151.20000000000002
0,base,all_logged,169,BEEF-A,189,36,47,47,0,0,0,178,50,56.821429,27730,7520,0,142.4
0,base,all_logged,170,BEEF-A,178,50,41,41,0,0,0,187,37,55.928571,24190,6560,0,149.6
0,base,all_logged,171,BEEF-A,187,37,64,64,0,0,0,160,65,56.178571,37760,10240,0,128.0
0,base,all_logged,172,BEEF-A,160,65,95,95,0,0,0,130,97,56.75,56050,15200,0,104.0
0,base,all_logged,173,BEEF-A,130,0,105,105,0,0,0,25,111,58.142857,61950,16800,0,20.0
0,base,all_logged,174,BEEF-A,25,111,30,30,0,0,0,106,28,57.75,17700,4800,0,84.80000000000001
0,base,all_logged,175,BEEF-A,106,125,44,44,0,0,0,187,42,57.071429,25960,7040,0,149.6
0,base,all_logged,176,BEEF-A,187,42,45,45,0,0,0,184,46,57.285714,26550,7200,0,147.20000000000002
0,base,all_logged,177,BEEF-A,184,46,37,37,0,0,0,193,38,57.571429,21830,5920,0,154.4
0,base,all_logged,178,BEEF-A,193,0,91,91,0,0,0,102,99,59.75,53690,14560,0,81.60000000000001
0,base,all_logged,179,BEEF-A,102,99,57,57,0,0,0,144,56,59.285714,33630,9120,0,115.2
0,base,all_logged,180,BEEF-A,144,94,181,181,0,0,0,57,197,63.357143,106790,28960,0,45.6
0,base,all_logged,181,BEEF-A,57,197,31,31,0,0,0,223,32,63.571429,18290,4960,0,178.4
0,base,all_logged,182,BEEF-A,223,32,55,55,0,0,0,200,45,61.214286,32450,8800,0,160.0
0,base,all_logged,183,BEEF-A,200,0,65,65,0,0,0,135,60,59.928571,38350,10400,0,108.0
0,base,all_logged,184,BEEF-A,135,60,49,49,0,0,0,146,50,60.214286,28910,7840,0,116.80000000000001
0,base,all_logged,185,BEEF-A,146,95,63,63,0,0,0,178,68,61.392857,37170,10080,0,142.4
0,base,all_logged,186,BEEF-A,178,68,56,56,0,0,0,190,56,61.357143,33040,8960,0,152.0
0,base,all_logged,187,BEEF-A,190,0,62,62,0,0,0,128,60,60.785714,36580,9920,0,102.4
0,base,all_logged,188,BEEF-A,128,60,29,29,0,0,0,159,27,60.357143,17110,4640,0,127.2
0,base,all_logged,189,BEEF-A,159,83,33,33,0,0,0,209,26,58.75,19470,5280,0,167.20000000000002
0,base,all_logged,190,BEEF-A,209,26,31,31,0,0,0,204,30,58.5,18290,4960,0,163.20000000000002
0,base,all_logged,191,BEEF-A,204,30,60,60,0,0,0,174,62,58.821429,35400,9600,0,139.20000000000002
0,base,all_logged,192,BEEF-A,174,0,72,72,0,0,0,102,72,58.785714,42480,11520,0,81.60000000000001
0,base,all_logged,193,BEEF-A,102,0,94,94,0,0,0,8,98,59.964286,55460,15040,0,6.4
0,base,all_logged,194,BEEF-A,8,160,77,77,0,0,0,91,79,60.285714,45430,12320,0,72.8
0,base,all_logged,195,BEEF-A,91,151,24,24,0,0,0,218,21,59.75,14160,3840,0,174.4
0,base,all_logged,196,BEEF-A,218,21,34,34,0,0,0,205,34,59.714286,20060,5440,0,164.0
0,base,all_logged,197,BEEF-A,205,34,50,50,0,0,0,189,51,59.821429,29500,8000,0,151.20000000000002
0,base,all_logged,198,BEEF-A,189,51,88,88,0,0,0,152,94,61.5,51920,14080,0,121.60000000000001
0,base,all_logged,199,BEEF-A,152,94,62,62,0,0,0,184,62,61.428571,36580,9920,0,147.20000000000002
0,base,all_logged,200,BEEF-A,184,62,107,107,0,0,0,139,109,61.857143,63130,17120,0,111.2
0,base,all_logged,201,BEEF-A,139,109,136,136,0,0,0,112,140,62.964286,80240,21760,0,89.60000000000001
0,base,all_logged,202,BEEF-A,112,140,25,25,0,0,0,227,25,62.785714,14750,4000,0,181.60000000000002
0,base,all_logged,203,BEEF-A,227,25,32,32,0,0,0,220,30,62.357143,18880,5120,0,176.0
0,base,all_logged,204,BEEF-A,220,30,64,64,0,0,0,186,67,63.035714,37760,10240,0,148.8
0,base,all_logged,205,BEEF-A,186,67,55,55,0,0,0,198,57,63.678571,32450,8800,0,158.4
0,base,all_logged,206,BEEF-A,198,57,73,73,0,0,0,182,71,63.035714,43070,11680,0,145.6
0,base,all_logged,207,BEEF-A,182,71,127,127,0,0,0,126,137,65.535714,74930,20320,0,100.80000000000001
0,base,all_logged,208,BEEF-A,126,137,90,90,0,0,0,173,77,62.285714,53100,14400,0,138.4
0,base,all_logged,209,BEEF-A,173,77,31,31,0,0,0,219,31,62.285714,18290,4960,0,175.20000000000002
0,base,all_logged,210,BEEF-A,219,31,26,26,0,0,0,224,21,61.25,15340,4160,0,179.20000000000002
0,base,all_logged,211,BEEF-A,224,0,33,33,0,0,0,191,29,60.107143,19470,5280,0,152.8
0,base,all_logged,212,BEEF-A,191,29,33,33,0,0,0,187,31,59.535714,19470,5280,0,149.6
0,base,all_logged,213,BEEF-A,187,21,47,47,0,0,0,161,44,58.964286,27730,7520,0,128.8
0,base,all_logged,214,BEEF-A,161,44,76,76,0,0,3,126,82,59.678571,44840,12160,1290,100.80000000000001
0,base,all_logged,215,BEEF-A,126,113,127,127,0,0,1,111,137,62,74930,20320,430,88.80000000000001
0,base,all_logged,216,BEEF-A,111,137,24,24,0,0,0,224,24,61.821429,14160,3840,0,179.20000000000002
0,base,all_logged,217,BEEF-A,224,24,74,74,0,0,0,174,80,63.285714,43660,11840,0,139.20000000000002
0,base,all_logged,218,BEEF-A,174,80,38,38,0,0,0,216,39,63.535714,22420,6080,0,172.8
0,base,all_logged,219,BEEF-A,216,39,60,60,0,0,0,195,60,63.535714,35400,9600,0,156.0
0,base,all_logged,220,BEEF-A,195,60,48,48,0,0,0,207,44,62.678571,28320,7680,0,165.60000000000002
0,base,all_logged,221,BEEF-A,207,0,52,52,0,0,0,155,46,61.178571,30680,8320,0,124.0
0,base,all_logged,222,BEEF-A,155,46,82,82,0,0,0,119,83,61.357143,48380,13120,0,95.2
0,base,all_logged,223,BEEF-A,119,127,51,51,0,0,0,195,55,62.321429,30090,8160,0,156.0
0,base,all_logged,224,BEEF-A,195,55,38,38,0,0,0,212,38,62.464286,22420,6080,0,169.60000000000002
0,base,all_logged,225,BEEF-A,212,38,50,50,0,0,0,200,50,62.464286,29500,8000,0,160.0
0,base,all_logged,226,BEEF-A,200,50,45,45,0,0,0,205,39,60.928571,26550,7200,0,164.0
0,base,all_logged,227,BEEF-A,205,39,82,82,0,0,0,162,85,61.642857,48380,13120,0,129.6
0,base,all_logged,228,BEEF-A,162,0,67,67,0,0,0,95,61,60.214286,39530,10720,0,76.0
0,base,all_logged,229,BEEF-A,95,61,50,50,0,0,0,106,38,57.142857,29500,8000,0,84.80000000000001
0,base,all_logged,230,BEEF-A,106,123,19,19,0,0,0,210,18,56.928571,11210,3040,0,168.0
0,base,all_logged,231,BEEF-A,210,18,94,94,0,0,0,134,103,59.142857,55460,15040,0,107.2
0,base,all_logged,232,BEEF-A,134,103,41,41,0,0,0,196,38,58.321429,24190,6560,0,156.8
0,base,all_logged,233,BEEF-A,196,0,139,139,0,0,0,57,151,61.321429,82010,22240,0,45.6
0,base,all_logged,234,BEEF-A,57,0,39,39,0,0,0,18,34,60.107143,23010,6240,0,14.4
0,base,all_logged,235,BEEF-A,18,38,73,56,17,17,0,0,48,58.178571,33040,8960,0,0.0
0,base,all_logged,236,BEEF-A,0,199,47,47,0,0,0,152,41,56.642857,27730,7520,0,121.60000000000001
0,base,all_logged,237,BEEF-A,152,75,47,47,0,0,0,180,49,57.214286,27730,7520,0,144.0
0,base,all_logged,238,BEEF-A,180,49,103,103,0,0,0,126,114,59.964286,60770,16480,0,100.80000000000001
0,base,all_logged,239,BEEF-A,126,0,36,36,0,0,0,90,37,60.071429,21240,5760,0,72.0
0,base,all_logged,0,CHICKEN-B,114,0,43,43,0,0,0,71,101,43,17630,5160,0,56.800000000000004
0,base,all_logged,1,CHICKEN-B,71,0,31,31,0,0,0,40,7,37,12710,3720,0,32.0
0,base,all_logged,2,CHICKEN-B,40,7,56,47,9,9,0,0,73,43.333333,19270,5640,0,0.0
0,base,all_logged,3,CHICKEN-B,0,174,68,68,0,0,0,106,92,49.5,27880,8160,0,84.80000000000001
0,base,all_logged,4,CHICKEN-B,106,92,33,33,0,0,0,165,20,46.2,13530,3960,0,132.0
0,base,all_logged,5,CHICKEN-B,165,20,60,60,0,0,0,125,69,48.5,24600,7200,0,100.0
0,base,all_logged,6,CHICKEN-B,125,69,26,26,0,0,0,168,14,45.285714,10660,3120,0,134.4
0,base,all_logged,7,CHICKEN-B,168,14,65,65,0,0,0,117,74,47.75,26650,7800,0,93.60000000000001
0,base,all_logged,8,CHICKEN-B,117,74,26,26,0,0,0,165,17,45.333333,10660,3120,0,132.0
0,base,all_logged,9,CHICKEN-B,165,17,16,16,0,0,0,166,4,42.4,6560,1920,0,132.8
0,base,all_logged,10,CHICKEN-B,166,4,24,24,0,0,0,146,17,40.727273,9840,2880,0,116.80000000000001
0,base,all_logged,11,CHICKEN-B,146,17,36,36,0,0,37,90,72,40.333333,14760,4320,10730,72.0
0,base,all_logged,12,CHICKEN-B,90,72,53,53,0,0,0,109,57,41.307692,21730,6360,0,87.2
0,base,all_logged,13,CHICKEN-B,109,0,39,39,0,0,0,70,38,41.142857,15990,4680,0,56.0
0,base,all_logged,14,CHICKEN-B,70,38,51,51,0,0,0,57,54,41.8,20910,6120,0,45.6
0,base,all_logged,15,CHICKEN-B,57,111,54,54,0,0,0,114,57,42.5625,22140,6480,0,91.2
0,base,all_logged,16,CHICKEN-B,114,0,21,21,0,0,0,93,16,41.294118,8610,2520,0,74.4
0,base,all_logged,17,CHICKEN-B,93,16,9,9,0,0,0,100,1,39.5,3690,1080,0,80.0
0,base,all_logged,18,CHICKEN-B,100,58,59,59,0,0,0,99,64,40.526316,24190,7080,0,79.2
0,base,all_logged,19,CHICKEN-B,99,64,33,33,0,0,0,130,31,40.15,13530,3960,0,104.0
0,base,all_logged,20,CHICKEN-B,130,31,37,37,0,0,0,124,36,40,15170,4440,0,99.2
0,base,all_logged,21,CHICKEN-B,124,0,47,47,0,0,0,77,49,40.318182,19270,5640,0,61.6
0,base,all_logged,22,CHICKEN-B,77,49,29,29,0,0,0,97,27,39.826087,11890,3480,0,77.60000000000001
0,base,all_logged,23,CHICKEN-B,97,63,34,34,0,0,0,126,33,39.583333,13940,4080,0,100.80000000000001
0,base,all_logged,24,CHICKEN-B,126,0,46,46,0,0,0,80,47,39.84,18860,5520,0,64.0
0,base,all_logged,25,CHICKEN-B,80,47,47,47,0,0,0,80,48,40.115385,19270,5640,0,64.0
0,base,all_logged,26,CHICKEN-B,80,81,48,48,0,0,0,113,49,40.407407,19680,5760,0,90.4
0,base,all_logged,27,CHICKEN-B,113,49,63,63,0,0,0,99,66,41.214286,25830,7560,0,79.2
0,base,all_logged,28,CHICKEN-B,99,66,37,37,0,0,0,128,36,41,15170,4440,0,102.4
0,base,all_logged,29,CHICKEN-B,128,0,43,43,0,0,0,85,45,41.428571,17630,5160,0,68.0
0,base,all_logged,30,CHICKEN-B,85,0,38,38,0,0,0,47,36,40.785714,15580,4560,0,37.6
0,base,all_logged,31,CHICKEN-B,47,72,62,62,0,0,0,57,61,40.571429,25420,7440,0,45.6
0,base,all_logged,32,CHICKEN-B,57,106,27,27,0,0,0,136,26,40.357143,11070,3240,0,108.80000000000001
0,base,all_logged,33,CHICKEN-B,136,0,46,46,0,0,0,90,44,39.857143,18860,5520,0,72.0
0,base,all_logged,34,CHICKEN-B,90,44,37,37,0,0,0,97,38,40.25,15170,4440,0,77.60000000000001
0,base,all_logged,35,CHICKEN-B,97,64,31,31,0,0,0,130,27,39.035714,12710,3720,0,104.0
0,base,all_logged,36,CHICKEN-B,130,27,30,30,0,0,0,127,30,39.178571,12300,3600,0,101.60000000000001
0,base,all_logged,37,CHICKEN-B,127,30,32,32,0,0,0,125,34,39.75,13120,3840,0,100.0
0,base,all_logged,38,CHICKEN-B,125,34,32,32,0,0,0,127,34,40.035714,13120,3840,0,101.60000000000001
0,base,all_logged,39,CHICKEN-B,127,34,43,43,0,0,0,118,44,40.285714,17630,5160,0,94.4
0,base,all_logged,40,CHICKEN-B,118,44,38,38,0,0,0,124,35,39.75,15580,4560,0,99.2
0,base,all_logged,41,CHICKEN-B,124,35,23,23,0,0,0,136,21,39.178571,9430,2760,0,108.80000000000001
0,base,all_logged,42,CHICKEN-B,136,0,40,40,0,0,0,96,39,38.785714,16400,4800,0,76.80000000000001
0,base,all_logged,43,CHICKEN-B,96,0,25,25,0,0,0,71,20,37.75,10250,3000,0,56.800000000000004
0,base,all_logged,44,CHICKEN-B,71,41,35,35,0,0,0,77,37,38.25,14350,4200,0,61.6
0,base,all_logged,45,CHICKEN-B,77,76,35,35,0,0,1,117,40,39.178571,14350,4200,290,93.60000000000001
0,base,all_logged,46,CHICKEN-B,117,40,40,40,0,0,0,117,37,38.5,16400,4800,0,93.60000000000001
0,base,all_logged,47,CHICKEN-B,117,37,61,61,0,0,0,93,65,39.5,25010,7320,0,74.4
0,base,all_logged,48,CHICKEN-B,93,65,30,30,0,0,0,128,29,39.25,12300,3600,0,102.4
0,base,all_logged,49,CHICKEN-B,128,29,21,21,0,0,0,136,18,38.321429,8610,2520,0,108.80000000000001
0,base,all_logged,50,CHICKEN-B,136,18,29,29,0,0,0,125,29,38.321429,11890,3480,0,100.0
0,base,all_logged,51,CHICKEN-B,125,29,40,40,0,0,0,114,41,38.535714,16400,4800,0,91.2
0,base,all_logged,52,CHICKEN-B,114,41,62,62,0,0,0,93,64,39.107143,25420,7440,0,74.4
0,base,all_logged,53,CHICKEN-B,93,64,66,66,0,0,0,91,69,39.785714,27060,7920,0,72.8
0,base,all_logged,54,CHICKEN-B,91,69,53,53,0,0,0,107,53,39.964286,21730,6360,0,85.60000000000001
0,base,all_logged,55,CHICKEN-B,107,53,52,52,0,0,0,108,51,39.571429,21320,6240,0,86.4
0,base,all_logged,56,CHICKEN-B,108,51,40,40,0,0,0,119,40,39.678571,16400,4800,0,95.2
0,base,all_logged,57,CHICKEN-B,119,40,33,33,0,0,0,126,32,39.321429,13530,3960,0,100.80000000000001
0,base,all_logged,58,CHICKEN-B,126,32,42,42,0,0,0,116,42,39.464286,17220,5040,0,92.80000000000001
0,base,all_logged,59,CHICKEN-B,116,42,66,66,0,0,0,92,67,39.607143,27060,7920,0,73.60000000000001
0,base,all_logged,60,CHICKEN-B,92,0,36,36,0,0,0,56,37,39.928571,14760,4320,0,44.800000000000004
0,base,all_logged,61,CHICKEN-B,56,37,51,51,0,0,0,42,52,40.107143,20910,6120,0,33.6
0,base,all_logged,62,CHICKEN-B,42,119,39,39,0,0,0,122,39,40.178571,15990,4680,0,97.60000000000001
0,base,all_logged,63,CHICKEN-B,122,39,45,45,0,0,0,116,47,40.678571,18450,5400,0,92.80000000000001
0,base,all_logged,64,CHICKEN-B,116,0,51,51,0,0,0,65,54,41.428571,20910,6120,0,52.0
0,base,all_logged,65,CHICKEN-B,65,54,32,32,0,0,0,87,32,41.428571,13120,3840,0,69.60000000000001
0,base,all_logged,66,CHICKEN-B,87,79,65,65,0,0,0,101,70,42.607143,26650,7800,0,80.80000000000001
0,base,all_logged,67,CHICKEN-B,101,70,21,21,0,0,0,150,18,41.821429,8610,2520,0,120.0
0,base,all_logged,68,CHICKEN-B,150,18,35,35,0,0,0,133,34,41.714286,14350,4200,0,106.4
0,base,all_logged,69,CHICKEN-B,133,0,25,25,0,0,0,108,26,41.785714,10250,3000,0,86.4
0,base,all_logged,70,CHICKEN-B,108,26,21,21,0,0,0,113,18,41.107143,8610,2520,0,90.4
0,base,all_logged,71,CHICKEN-B,113,52,63,63,0,0,0,102,68,42.464286,25830,7560,0,81.60000000000001
0,base,all_logged,72,CHICKEN-B,102,68,40,40,0,0,6,124,47,42.642857,16400,4800,1740,99.2
0,base,all_logged,73,CHICKEN-B,124,47,20,20,0,0,0,151,18,42.107143,8200,2400,0,120.80000000000001
0,base,all_logged,74,CHICKEN-B,151,18,58,58,0,0,0,111,60,42.75,23780,6960,0,88.80000000000001
0,base,all_logged,75,CHICKEN-B,111,60,27,27,0,0,0,144,23,41.535714,11070,3240,0,115.2
0,base,all_logged,76,CHICKEN-B,144,23,15,15,0,0,0,152,12,41,6150,1800,0,121.60000000000001
0,base,all_logged,77,CHICKEN-B,152,0,20,20,0,0,4,128,24,40.964286,8200,2400,1160,102.4
0,base,all_logged,78,CHICKEN-B,128,24,38,38,0,0,27,87,67,41.285714,15580,4560,7830,69.60000000000001
0,base,all_logged,79,CHICKEN-B,87,79,47,47,0,0,0,119,48,41.535714,19270,5640,0,95.2
0,base,all_logged,80,CHICKEN-B,119,48,20,20,0,0,0,147,14,40.035714,8200,2400,0,117.60000000000001
0,base,all_logged,81,CHICKEN-B,147,14,37,37,0,0,0,124,32,39,15170,4440,0,99.2
0,base,all_logged,82,CHICKEN-B,124,0,62,62,0,0,0,62,64,39.321429,25420,7440,0,49.6
0,base,all_logged,83,CHICKEN-B,62,64,25,25,0,0,0,101,21,38.357143,10250,3000,0,80.80000000000001
0,base,all_logged,84,CHICKEN-B,101,53,32,32,0,0,0,122,31,38.071429,13120,3840,0,97.60000000000001
0,base,all_logged,85,CHICKEN-B,122,0,29,29,0,0,0,93,28,37.928571,11890,3480,0,74.4
0,base,all_logged,86,CHICKEN-B,93,28,28,28,0,0,0,93,26,37.428571,11480,3360,0,74.4
0,base,all_logged,87,CHICKEN-B,93,57,56,56,0,0,0,94,55,37.071429,22960,6720,0,75.2
0,base,all_logged,88,CHICKEN-B,94,55,38,38,0,0,0,111,38,37.142857,15580,4560,0,88.80000000000001
0,base,all_logged,89,CHICKEN-B,111,38,47,47,0,0,0,102,46,37,19270,5640,0,81.60000000000001
0,base,all_logged,90,CHICKEN-B,102,46,20,20,0,0,0,128,18,36.321429,8200,2400,0,102.4
0,base,all_logged,91,CHICKEN-B,128,0,73,73,0,0,0,55,77,37.321429,29930,8760,0,44.0
0,base,all_logged,92,CHICKEN-B,55,77,50,50,0,0,0,82,50,37.285714,20500,6000,0,65.60000000000001
0,base,all_logged,93,CHICKEN-B,82,18,25,25,0,0,0,75,24,37.035714,10250,3000,0,60.0
0,base,all_logged,94,CHICKEN-B,75,24,43,43,0,0,0,56,39,36.25,17630,5160,0,44.800000000000004
0,base,all_logged,95,CHICKEN-B,56,89,42,42,0,0,0,103,45,37,17220,5040,0,82.4
0,base,all_logged,96,CHICKEN-B,103,45,35,35,0,0,0,113,35,37,14350,4200,0,90.4
0,base,all_logged,97,CHICKEN-B,113,35,21,21,0,0,0,127,21,36.857143,8610,2520,0,101.60000000000001
0,base,all_logged,98,CHICKEN-B,127,21,35,35,0,0,0,113,37,37.357143,14350,4200,0,90.4
0,base,all_logged,99,CHICKEN-B,113,0,20,20,0,0,0,93,14,35.821429,8200,2400,0,74.4
0,base,all_logged,100,CHICKEN-B,93,14,41,41,0,0,0,66,41,35.857143,16810,4920,0,52.800000000000004
0,base,all_logged,101,CHICKEN-B,66,78,37,37,0,0,0,107,39,36.464286,15170,4440,0,85.60000000000001
0,base,all_logged,102,CHICKEN-B,107,39,28,28,0,0,0,118,24,35.392857,11480,3360,0,94.4
0,base,all_logged,103,CHICKEN-B,118,24,74,74,0,0,0,68,81,37.071429,30340,8880,0,54.400000000000006
0,base,all_logged,104,CHICKEN-B,68,81,26,26,0,0,0,123,27,37.464286,10660,3120,0,98.4
0,base,all_logged,105,CHICKEN-B,123,27,47,47,0,0,0,103,51,38.428571,19270,5640,0,82.4
0,base,all_logged,106,CHICKEN-B,103,51,30,30,0,0,0,124,29,38.142857,12300,3600,0,99.2
0,base,all_logged,107,CHICKEN-B,124,29,48,48,0,0,0,105,48,38.178571,19680,5760,0,84.0
0,base,all_logged,108,CHICKEN-B,105,48,42,42,0,0,0,111,45,38.964286,17220,5040,0,88.80000000000001
0,base,all_logged,109,CHICKEN-B,111,45,31,31,0,0,0,125,30,38.75,12710,3720,0,100.0
0,base,all_logged,110,CHICKEN-B,125,30,45,45,0,0,0,110,43,38.142857,18450,5400,0,88.0
0,base,all_logged,111,CHICKEN-B,110,43,12,12,0,0,0,141,10,37.678571,4920,1440,0,112.80000000000001
0,base,all_logged,112,CHICKEN-B,141,10,15,15,0,0,0,136,13,37.071429,6150,1800,0,108.80000000000001
0,base,all_logged,113,CHICKEN-B,136,13,39,39,0,0,8,102,48,37.428571,15990,4680,2320,81.60000000000001
0,base,all_logged,114,CHICKEN-B,102,0,51,51,0,0,6,45,60,38.25,20910,6120,1740,36.0
0,base,all_logged,115,CHICKEN-B,45,60,31,31,0,0,0,74,28,37.357143,12710,3720,0,59.2
0,base,all_logged,116,CHICKEN-B,74,76,68,68,0,0,0,82,72,38.428571,27880,8160,0,65.60000000000001
0,base,all_logged,117,CHICKEN-B,82,72,72,72,0,0,0,82,76,39.321429,29520,8640,0,65.60000000000001
0,base,all_logged,118,CHICKEN-B,82,76,30,30,0,0,0,128,31,39.678571,12300,3600,0,102.4
0,base,all_logged,119,CHICKEN-B,128,31,19,19,0,0,0,140,11,37.75,7790,2280,0,112.0
0,base,all_logged,120,CHICKEN-B,140,11,48,48,0,0,0,103,48,37.678571,19680,5760,0,82.4
0,base,all_logged,121,CHICKEN-B,103,48,47,47,0,0,0,104,50,38.464286,19270,5640,0,83.2
0,base,all_logged,122,CHICKEN-B,104,50,38,38,0,0,0,116,38,38.285714,15580,4560,0,92.80000000000001
0,base,all_logged,123,CHICKEN-B,116,38,59,59,0,0,0,95,61,38.892857,24190,7080,0,76.0
0,base,all_logged,124,CHICKEN-B,95,61,59,59,0,0,0,97,62,39.75,24190,7080,0,77.60000000000001
0,base,all_logged,125,CHICKEN-B,97,62,53,53,0,0,0,106,58,40.892857,21730,6360,0,84.80000000000001
0,base,all_logged,126,CHICKEN-B,106,58,48,48,0,0,0,116,50,41.357143,19680,5760,0,92.80000000000001
0,base,all_logged,127,CHICKEN-B,116,50,62,62,0,0,0,104,68,42.857143,25420,7440,0,83.2
0,base,all_logged,128,CHICKEN-B,104,68,38,38,0,0,0,134,37,42.75,15580,4560,0,107.2
0,base,all_logged,129,CHICKEN-B,134,37,54,54,0,0,0,117,57,43.357143,22140,6480,0,93.60000000000001
0,base,all_logged,130,CHICKEN-B,117,57,49,49,0,0,0,125,52,44.107143,20090,5880,0,100.0
0,base,all_logged,131,CHICKEN-B,125,52,101,101,0,0,0,76,105,45.071429,41410,12120,0,60.800000000000004
0,base,all_logged,132,CHICKEN-B,76,105,20,20,0,0,0,161,19,44.857143,8200,2400,0,128.8
0,base,all_logged,133,CHICKEN-B,161,19,26,26,0,0,0,154,23,44.107143,10660,3120,0,123.2
0,base,all_logged,134,CHICKEN-B,154,23,39,39,0,0,0,138,40,44.428571,15990,4680,0,110.4
0,base,all_logged,135,CHICKEN-B,138,40,72,72,0,0,0,106,76,45.285714,29520,8640,0,84.80000000000001
0,base,all_logged,136,CHICKEN-B,106,76,22,22,0,0,0,160,19,44.571429,9020,2640,0,128.0
0,base,all_logged,137,CHICKEN-B,160,19,54,54,0,0,2,123,59,45.392857,22140,6480,580,98.4
0,base,all_logged,138,CHICKEN-B,123,59,41,41,0,0,0,141,40,45.25,16810,4920,0,112.80000000000001
0,base,all_logged,139,CHICKEN-B,141,0,32,32,0,0,0,109,35,45.964286,13120,3840,0,87.2
0,base,all_logged,140,CHICKEN-B,109,35,32,32,0,0,0,112,35,46.571429,13120,3840,0,89.60000000000001
0,base,all_logged,141,CHICKEN-B,112,75,47,47,0,0,0,140,48,46.857143,19270,5640,0,112.0
0,base,all_logged,142,CHICKEN-B,140,48,33,33,0,0,0,155,30,46.214286,13530,3960,0,124.0
0,base,all_logged,143,CHICKEN-B,155,30,52,52,0,0,0,133,55,46.964286,21320,6240,0,106.4
0,base,all_logged,144,CHICKEN-B,133,55,62,62,0,0,0,126,61,46.75,25420,7440,0,100.80000000000001
0,base,all_logged,145,CHICKEN-B,126,0,84,84,0,0,0,42,86,47.178571,34440,10080,0,33.6
0,base,all_logged,146,CHICKEN-B,42,86,17,17,0,0,0,111,15,46.714286,6970,2040,0,88.80000000000001
0,base,all_logged,147,CHICKEN-B,111,76,68,68,0,0,0,119,75,48.464286,27880,8160,0,95.2
0,base,all_logged,148,CHICKEN-B,119,75,26,26,0,0,0,168,23,47.678571,10660,3120,0,134.4
0,base,all_logged,149,CHICKEN-B,168,23,39,39,0,0,0,152,38,47.392857,15990,4680,0,121.60000000000001
0,base,all_logged,150,CHICKEN-B,152,38,52,52,0,0,0,138,54,47.892857,21320,6240,0,110.4
0,base,all_logged,151,CHICKEN-B,138,0,65,65,0,0,0,73,66,48.107143,26650,7800,0,58.400000000000006
0,base,all_logged,152,CHICKEN-B,73,66,40,40,0,0,0,99,37,47.428571,16400,4800,0,79.2
0,base,all_logged,153,CHICKEN-B,99,91,61,61,0,0,0,129,62,47.714286,25010,7320,0,103.2
0,base,all_logged,154,CHICKEN-B,129,62,49,49,0,0,0,142,49,47.75,20090,5880,0,113.60000000000001
0,base,all_logged,155,CHICKEN-B,142,0,39,39,0,0,0,103,36,46.928571,15990,4680,0,82.4
0,base,all_logged,156,CHICKEN-B,103,36,45,45,0,0,0,94,46,47.178571,18450,5400,0,75.2
0,base,all_logged,157,CHICKEN-B,94,95,44,44,0,0,0,145,43,46.821429,18040,5280,0,116.0
0,base,all_logged,158,CHICKEN-B,145,43,38,38,0,0,0,150,36,46.428571,15580,4560,0,120.0
0,base,all_logged,159,CHICKEN-B,150,36,70,70,0,0,0,116,66,45.321429,28700,8400,0,92.80000000000001
0,base,all_logged,160,CHICKEN-B,116,66,27,27,0,0,0,155,28,45.571429,11070,3240,0,124.0
0,base,all_logged,161,CHICKEN-B,155,28,57,57,0,0,0,126,61,46.678571,23370,6840,0,100.80000000000001
0,base,all_logged,162,CHICKEN-B,126,61,42,42,0,0,0,145,43,46.785714,17220,5040,0,116.0
0,base,all_logged,163,CHICKEN-B,145,43,50,50,0,0,0,138,46,46,20500,6000,0,110.4
0,base,all_logged,164,CHICKEN-B,138,46,56,56,0,0,0,128,61,47.214286,22960,6720,0,102.4
0,base,all_logged,165,CHICKEN-B,128,61,92,92,0,0,0,97,98,48.571429,37720,11040,0,77.60000000000001
0,base,all_logged,166,CHICKEN-B,97,98,175,175,0,0,0,20,194,53.357143,71750,21000,0,16.0
0,base,all_logged,167,CHICKEN-B,20,194,29,29,0,0,0,185,28,53.25,11890,3480,0,148.0
0,base,all_logged,168,CHICKEN-B,185,28,35,35,0,0,0,178,36,53.357143,14350,4200,0,142.4
0,base,all_logged,169,CHICKEN-B,178,36,34,34,0,0,0,180,32,52.892857,13940,4080,0,144.0
0,base,all_logged,170,CHICKEN-B,180,32,69,69,0,0,0,143,74,54.178571,28290,8280,0,114.4
0,base,all_logged,171,CHICKEN-B,143,74,61,61,0,0,0,156,62,54.5,25010,7320,0,124.80000000000001
0,base,all_logged,172,CHICKEN-B,156,62,130,130,0,0,0,88,140,56.928571,53300,15600,0,70.4
0,base,all_logged,173,CHICKEN-B,88,140,39,39,0,0,0,189,33,55.321429,15990,4680,0,151.20000000000002
0,base,all_logged,174,CHICKEN-B,189,33,58,58,0,0,0,164,64,56.785714,23780,6960,0,131.20000000000002
0,base,all_logged,175,CHICKEN-B,164,64,31,31,0,0,0,197,25,55.464286,12710,3720,0,157.60000000000002
0,base,all_logged,176,CHICKEN-B,197,25,48,48,0,0,0,174,51,56.25,19680,5760,0,139.20000000000002
0,base,all_logged,177,CHICKEN-B,174,51,51,51,0,0,0,174,53,56.678571,20910,6120,0,139.20000000000002
0,base,all_logged,178,CHICKEN-B,174,53,43,43,0,0,1,183,43,56.357143,17630,5160,290,146.4
0,base,all_logged,179,CHICKEN-B,183,43,44,44,0,0,0,182,41,55.607143,18040,5280,0,145.6
0,base,all_logged,180,CHICKEN-B,182,41,78,78,0,0,10,135,93,56.964286,31980,9360,2900,108.0
0,base,all_logged,181,CHICKEN-B,135,93,31,31,0,0,0,197,27,55.892857,12710,3720,0,157.60000000000002
0,base,all_logged,182,CHICKEN-B,197,27,32,32,0,0,0,192,30,55.285714,13120,3840,0,153.60000000000002
0,base,all_logged,183,CHICKEN-B,192,0,32,32,0,0,0,160,31,55.035714,13120,3840,0,128.0
0,base,all_logged,184,CHICKEN-B,160,0,55,55,0,0,0,105,56,55.392857,22550,6600,0,84.0
0,base,all_logged,185,CHICKEN-B,105,86,29,29,0,0,0,162,27,54.857143,11890,3480,0,129.6
0,base,all_logged,186,CHICKEN-B,162,58,100,100,0,0,49,71,158,57.071429,41000,12000,14210,56.800000000000004
0,base,all_logged,187,CHICKEN-B,71,158,57,57,0,0,0,172,55,56.607143,23370,6840,0,137.6
0,base,all_logged,188,CHICKEN-B,172,55,24,24,0,0,0,203,23,56.5,9840,2880,0,162.4
0,base,all_logged,189,CHICKEN-B,203,23,37,37,0,0,0,189,35,55.785714,15170,4440,0,151.20000000000002
0,base,all_logged,190,CHICKEN-B,189,35,58,58,0,0,0,166,60,56.357143,23780,6960,0,132.8
0,base,all_logged,191,CHICKEN-B,166,60,80,80,0,0,0,146,84,57.428571,32800,9600,0,116.80000000000001
0,base,all_logged,192,CHICKEN-B,146,84,39,39,0,0,0,191,37,56.821429,15990,4680,0,152.8
0,base,all_logged,193,CHICKEN-B,191,37,34,34,0,0,0,194,25,54.75,13940,4080,0,155.20000000000002
0,base,all_logged,194,CHICKEN-B,194,25,142,142,0,0,0,77,138,53.571429,58220,17040,0,61.6
0,base,all_logged,195,CHICKEN-B,77,0,45,45,0,0,0,32,47,54.142857,18450,5400,0,25.6
0,base,all_logged,196,CHICKEN-B,32,47,43,43,0,0,0,36,44,54.428571,17630,5160,0,28.8
0,base,all_logged,197,CHICKEN-B,36,138,35,35,0,0,0,139,35,54.464286,14350,4200,0,111.2
0,base,all_logged,198,CHICKEN-B,139,35,42,42,0,0,0,132,38,53.5,17220,5040,0,105.60000000000001
0,base,all_logged,199,CHICKEN-B,132,82,30,30,0,0,0,184,26,52.392857,12300,3600,0,147.20000000000002
0,base,all_logged,200,CHICKEN-B,184,0,49,49,0,0,0,135,37,49.5,20090,5880,0,108.0
0,base,all_logged,201,CHICKEN-B,135,37,49,49,0,0,0,123,51,49.857143,20090,5880,0,98.4
0,base,all_logged,202,CHICKEN-B,123,77,66,66,0,0,0,134,67,50.142857,27060,7920,0,107.2
0,base,all_logged,203,CHICKEN-B,134,0,31,31,0,0,0,103,31,50.142857,12710,3720,0,82.4
0,base,all_logged,204,CHICKEN-B,103,0,51,51,0,0,0,52,51,50.25,20910,6120,0,41.6
0,base,all_logged,205,CHICKEN-B,52,118,46,46,0,0,0,124,46,50.071429,18860,5520,0,99.2
0,base,all_logged,206,CHICKEN-B,124,77,59,59,0,0,0,142,61,50.642857,24190,7080,0,113.60000000000001
0,base,all_logged,207,CHICKEN-B,142,61,55,55,0,0,0,148,57,51.035714,22550,6600,0,118.4
0,base,all_logged,208,CHICKEN-B,148,0,86,86,0,0,0,62,87,51.321429,35260,10320,0,49.6
0,base,all_logged,209,CHICKEN-B,62,87,36,36,0,0,0,113,36,51.5,14760,4320,0,90.4
0,base,all_logged,210,CHICKEN-B,113,93,66,66,0,0,0,140,71,52.714286,27060,7920,0,112.0
0,base,all_logged,211,CHICKEN-B,140,71,35,35,0,0,0,176,36,52.821429,14350,4200,0,140.8
0,base,all_logged,212,CHICKEN-B,176,36,36,36,0,0,0,176,33,52.142857,14760,4320,0,140.8
0,base,all_logged,213,CHICKEN-B,176,33,44,44,0,0,0,165,46,52.678571,18040,5280,0,132.0
0,base,all_logged,214,CHICKEN-B,165,46,84,84,0,0,0,127,82,52.107143,34440,10080,0,101.60000000000001
0,base,all_logged,215,CHICKEN-B,127,82,93,93,0,0,0,116,98,53.392857,38130,11160,0,92.80000000000001
0,base,all_logged,216,CHICKEN-B,116,98,49,49,0,0,0,165,53,54.285714,20090,5880,0,132.0
0,base,all_logged,217,CHICKEN-B,165,53,21,21,0,0,0,197,18,53.714286,8610,2520,0,157.60000000000002
0,base,all_logged,218,CHICKEN-B,197,18,32,32,0,0,0,183,29,52.785714,13120,3840,0,146.4
0,base,all_logged,219,CHICKEN-B,183,29,49,49,0,0,0,163,44,51.678571,20090,5880,0,130.4
0,base,all_logged,220,CHICKEN-B,163,44,40,40,0,0,0,167,40,51.714286,16400,4800,0,133.6
0,base,all_logged,221,CHICKEN-B,167,40,60,60,0,0,23,124,87,52.642857,24600,7200,6670,99.2
0,base,all_logged,222,CHICKEN-B,124,87,66,66,0,0,0,145,55,49.928571,27060,7920,0,116.0
0,base,all_logged,223,CHICKEN-B,145,55,53,53,0,0,0,147,54,50.214286,21730,6360,0,117.60000000000001
0,base,all_logged,224,CHICKEN-B,147,54,48,48,0,0,0,153,49,50.392857,19680,5760,0,122.4
0,base,all_logged,225,CHICKEN-B,153,0,32,32,0,0,0,121,32,50.285714,13120,3840,0,96.80000000000001
0,base,all_logged,226,CHICKEN-B,121,32,62,62,0,0,0,91,64,51,25420,7440,0,72.8
0,base,all_logged,227,CHICKEN-B,91,113,41,41,0,0,0,163,43,51.392857,16810,4920,0,130.4
0,base,all_logged,228,CHICKEN-B,163,43,52,52,0,0,0,154,52,51.5,21320,6240,0,123.2
0,base,all_logged,229,CHICKEN-B,154,52,52,52,0,0,0,154,53,51.607143,21320,6240,0,123.2
0,base,all_logged,230,CHICKEN-B,154,53,44,44,0,0,0,163,41,50.821429,18040,5280,0,130.4
0,base,all_logged,231,CHICKEN-B,163,41,31,31,0,0,0,173,31,50.821429,12710,3720,0,138.4
0,base,all_logged,232,CHICKEN-B,173,31,36,36,0,0,0,168,34,50.285714,14760,4320,0,134.4
0,base,all_logged,233,CHICKEN-B,168,34,42,42,0,0,0,160,41,50.142857,17220,5040,0,128.0
0,base,all_logged,234,CHICKEN-B,160,0,28,28,0,0,1,131,25,49.035714,11480,3360,290,104.80000000000001
0,base,all_logged,235,CHICKEN-B,131,25,54,54,0,0,25,77,78,49,22140,6480,7250,61.6
0,base,all_logged,236,CHICKEN-B,77,119,157,157,0,0,0,39,168,51.535714,64370,18840,0,31.200000000000003
0,base,all_logged,237,CHICKEN-B,39,0,47,39,8,8,0,0,40,51.928571,15990,4680,0,0.0
0,base,all_logged,238,CHICKEN-B,0,40,42,40,2,2,0,0,37,51.071429,16400,4800,0,0.0
0,base,all_logged,239,CHICKEN-B,0,205,66,66,0,0,0,139,70,52.178571,27060,7920,0,111.2
0,base,all_logged,0,SAUSAGE-C,60,0,25,25,0,0,0,35,65,25,11250,3500,0,28.0
0,base,all_logged,1,SAUSAGE-C,35,65,38,38,0,0,0,62,64,31.5,17100,5320,0,49.6
0,base,all_logged,2,SAUSAGE-C,62,64,10,10,0,0,0,116,0,24.333333,4500,1400,0,92.80000000000001
0,base,all_logged,3,SAUSAGE-C,116,0,11,11,0,0,0,105,0,21,4950,1540,0,84.0
0,base,all_logged,4,SAUSAGE-C,105,0,25,25,0,0,0,80,8,21.8,11250,3500,0,64.0
0,base,all_logged,5,SAUSAGE-C,80,8,27,27,0,0,0,61,30,22.666667,12150,3780,0,48.800000000000004
0,base,all_logged,6,SAUSAGE-C,61,30,16,16,0,0,0,75,12,21.714286,7200,2240,0,60.0
0,base,all_logged,7,SAUSAGE-C,75,12,10,10,0,0,0,77,4,20.25,4500,1400,0,61.6
0,base,all_logged,8,SAUSAGE-C,77,4,19,19,0,0,0,62,19,20.111111,8550,2660,0,49.6
0,base,all_logged,9,SAUSAGE-C,62,19,11,11,0,0,0,70,7,19.2,4950,1540,0,56.0
0,base,all_logged,10,SAUSAGE-C,70,7,19,19,0,0,0,58,19,19.181818,8550,2660,0,46.400000000000006
0,base,all_logged,11,SAUSAGE-C,58,19,16,16,0,0,0,61,15,18.916667,7200,2240,0,48.800000000000004
0,base,all_logged,12,SAUSAGE-C,61,0,16,16,0,0,0,45,15,18.692308,7200,2240,0,36.0
0,base,all_logged,13,SAUSAGE-C,45,0,16,16,0,0,0,29,15,18.5,7200,2240,0,23.200000000000003
0,base,all_logged,14,SAUSAGE-C,29,30,16,16,0,0,0,43,16,18.333333,7200,2240,0,34.4
0,base,all_logged,15,SAUSAGE-C,43,31,13,13,0,0,0,61,11,18,5850,1820,0,48.800000000000004
0,base,all_logged,16,SAUSAGE-C,61,0,21,21,0,0,0,40,22,18.176471,9450,2940,0,32.0
0,base,all_logged,17,SAUSAGE-C,40,22,26,26,0,0,0,36,28,18.611111,11700,3640,0,28.8
0,base,all_logged,18,SAUSAGE-C,36,39,10,10,0,0,0,65,8,18.157895,4500,1400,0,52.0
0,base,all_logged,19,SAUSAGE-C,65,0,17,17,0,0,0,48,17,18.1,7650,2380,0,38.400000000000006
0,base,all_logged,20,SAUSAGE-C,48,17,21,21,0,0,0,44,21,18.238095,9450,2940,0,35.2
0,base,all_logged,21,SAUSAGE-C,44,29,28,28,0,0,0,45,30,18.681818,12600,3920,0,36.0
0,base,all_logged,22,SAUSAGE-C,45,30,9,9,0,0,0,66,8,18.26087,4050,1260,0,52.800000000000004
0,base,all_logged,23,SAUSAGE-C,66,8,21,21,0,0,0,53,21,18.375,9450,2940,0,42.400000000000006
0,base,all_logged,24,SAUSAGE-C,53,21,19,19,0,0,0,55,19,18.4,8550,2660,0,44.0
0,base,all_logged,25,SAUSAGE-C,55,19,14,14,0,0,0,60,13,18.230769,6300,1960,0,48.0
0,base,all_logged,26,SAUSAGE-C,60,13,30,30,0,0,0,43,32,18.666667,13500,4200,0,34.4
0,base,all_logged,27,SAUSAGE-C,43,32,19,19,0,0,0,56,19,18.678571,8550,2660,0,44.800000000000004
0,base,all_logged,28,SAUSAGE-C,56,0,12,12,0,0,0,44,10,18.214286,5400,1680,0,35.2
0,base,all_logged,29,SAUSAGE-C,44,10,27,27,0,0,0,27,26,17.821429,12150,3780,0,21.6
0,base,all_logged,30,SAUSAGE-C,27,45,14,14,0,0,0,58,14,17.964286,6300,1960,0,46.400000000000006
0,base,all_logged,31,SAUSAGE-C,58,14,29,29,0,0,0,43,32,18.607143,13050,4060,0,34.4
0,base,all_logged,32,SAUSAGE-C,43,32,15,15,0,0,0,60,13,18.25,6750,2100,0,48.0
0,base,all_logged,33,SAUSAGE-C,60,13,20,20,0,0,0,53,19,18,9000,2800,0,42.400000000000006
0,base,all_logged,34,SAUSAGE-C,53,19,16,16,0,0,0,56,16,18,7200,2240,0,44.800000000000004
0,base,all_logged,35,SAUSAGE-C,56,16,21,21,0,0,0,51,23,18.392857,9450,2940,0,40.800000000000004
0,base,all_logged,36,SAUSAGE-C,51,23,19,19,0,0,0,55,19,18.392857,8550,2660,0,44.0
0,base,all_logged,37,SAUSAGE-C,55,0,25,25,0,0,0,30,27,18.892857,11250,3500,0,24.0
0,base,all_logged,38,SAUSAGE-C,30,0,24,24,0,0,0,6,25,19.071429,10800,3360,0,4.800000000000001
0,base,all_logged,39,SAUSAGE-C,6,44,19,19,0,0,0,31,19,19.178571,8550,2660,0,24.8
0,base,all_logged,40,SAUSAGE-C,31,27,24,24,0,0,0,34,25,19.464286,10800,3360,0,27.200000000000003
0,base,all_logged,41,SAUSAGE-C,34,25,17,17,0,0,0,42,17,19.5,7650,2380,0,33.6
0,base,all_logged,42,SAUSAGE-C,42,36,14,14,0,0,0,64,14,19.428571,6300,1960,0,51.2
0,base,all_logged,43,SAUSAGE-C,64,0,17,17,0,0,0,47,18,19.571429,7650,2380,0,37.6
0,base,all_logged,44,SAUSAGE-C,47,18,33,33,0,0,0,32,34,20,14850,4620,0,25.6
0,base,all_logged,45,SAUSAGE-C,32,48,33,33,0,0,0,47,34,20.25,14850,4620,0,37.6
0,base,all_logged,46,SAUSAGE-C,47,34,45,45,0,0,0,36,50,21.5,20250,6300,0,28.8
0,base,all_logged,47,SAUSAGE-C,36,50,23,23,0,0,0,63,24,21.714286,10350,3220,0,50.400000000000006
0,base,all_logged,48,SAUSAGE-C,63,24,19,19,0,0,0,68,19,21.642857,8550,2660,0,54.400000000000006
0,base,all_logged,49,SAUSAGE-C,68,19,28,28,0,0,0,59,28,21.642857,12600,3920,0,47.2
0,base,all_logged,50,SAUSAGE-C,59,28,22,22,0,0,0,65,24,22.107143,9900,3080,0,52.0
0,base,all_logged,51,SAUSAGE-C,65,24,19,19,0,0,0,70,19,22.035714,8550,2660,0,56.0
0,base,all_logged,52,SAUSAGE-C,70,19,17,17,0,0,0,72,16,21.964286,7650,2380,0,57.6
0,base,all_logged,53,SAUSAGE-C,72,16,35,35,0,0,0,53,38,22.714286,15750,4900,0,42.400000000000006
0,base,all_logged,54,SAUSAGE-C,53,0,37,37,0,0,0,16,38,22.964286,16650,5180,0,12.8
0,base,all_logged,55,SAUSAGE-C,16,38,14,14,0,0,0,40,14,22.785714,6300,1960,0,32.0
0,base,all_logged,56,SAUSAGE-C,40,52,15,15,0,0,0,77,15,22.892857,6750,2100,0,61.6
0,base,all_logged,57,SAUSAGE-C,77,15,21,21,0,0,0,71,20,22.678571,9450,2940,0,56.800000000000004
0,base,all_logged,58,SAUSAGE-C,71,20,19,19,0,0,0,72,20,22.857143,8550,2660,0,57.6
0,base,all_logged,59,SAUSAGE-C,72,20,9,9,0,0,0,83,6,22.142857,4050,1260,0,66.4
0,base,all_logged,60,SAUSAGE-C,83,0,18,18,0,0,0,65,18,22.25,8100,2520,0,52.0
0,base,all_logged,61,SAUSAGE-C,65,18,22,22,0,0,0,61,23,22.321429,9900,3080,0,48.800000000000004
0,base,all_logged,62,SAUSAGE-C,61,6,11,11,0,0,0,56,10,22.142857,4950,1540,0,44.800000000000004
0,base,all_logged,63,SAUSAGE-C,56,10,15,15,0,0,0,51,14,21.928571,6750,2100,0,40.800000000000004
0,base,all_logged,64,SAUSAGE-C,51,37,23,23,0,0,0,65,24,22.071429,10350,3220,0,52.0
0,base,all_logged,65,SAUSAGE-C,65,24,12,12,0,0,0,77,10,21.607143,5400,1680,0,61.6
0,base,all_logged,66,SAUSAGE-C,77,0,33,33,0,0,0,44,34,21.928571,14850,4620,0,35.2
0,base,all_logged,67,SAUSAGE-C,44,34,22,22,0,0,0,56,23,22.035714,9900,3080,0,44.800000000000004
0,base,all_logged,68,SAUSAGE-C,56,10,22,22,0,0,0,44,21,21.964286,9900,3080,0,35.2
0,base,all_logged,69,SAUSAGE-C,44,21,12,12,0,0,0,53,12,21.785714,5400,1680,0,42.400000000000006
0,base,all_logged,70,SAUSAGE-C,53,35,13,13,0,0,0,75,12,21.75,5850,1820,0,60.0
0,base,all_logged,71,SAUSAGE-C,75,12,17,17,0,0,0,70,17,21.75,7650,2380,0,56.0
0,base,all_logged,72,SAUSAGE-C,70,0,8,8,0,0,0,62,5,20.857143,3600,1120,0,49.6
0,base,all_logged,73,SAUSAGE-C,62,5,19,19,0,0,0,48,17,20.357143,8550,2660,0,38.400000000000006
0,base,all_logged,74,SAUSAGE-C,48,34,30,30,0,0,0,52,28,19.821429,13500,4200,0,41.6
0,base,all_logged,75,SAUSAGE-C,52,28,13,13,0,0,0,67,11,19.464286,5850,1820,0,53.6
0,base,all_logged,76,SAUSAGE-C,67,11,10,10,0,0,0,68,9,19.142857,4500,1400,0,54.400000000000006
0,base,all_logged,77,SAUSAGE-C,68,9,18,18,0,0,0,59,17,18.785714,8100,2520,0,47.2
0,base,all_logged,78,SAUSAGE-C,59,17,18,18,0,0,0,58,17,18.642857,8100,2520,0,46.400000000000006
0,base,all_logged,79,SAUSAGE-C,58,17,13,13,0,0,0,62,12,18.428571,5850,1820,0,49.6
0,base,all_logged,80,SAUSAGE-C,62,12,15,15,0,0,0,59,15,18.357143,6750,2100,0,47.2
0,base,all_logged,81,SAUSAGE-C,59,15,19,19,0,0,0,55,17,17.785714,8550,2660,0,44.0
0,base,all_logged,82,SAUSAGE-C,55,17,23,23,0,0,0,49,21,17.285714,10350,3220,0,39.2
0,base,all_logged,83,SAUSAGE-C,49,21,22,22,0,0,0,48,23,17.571429,9900,3080,0,38.400000000000006
0,base,all_logged,84,SAUSAGE-C,48,23,24,24,0,0,0,47,25,17.892857,10800,3360,0,37.6
0,base,all_logged,85,SAUSAGE-C,47,0,27,27,0,0,0,20,28,18.107143,12150,3780,0,16.0
0,base,all_logged,86,SAUSAGE-C,20,28,18,18,0,0,0,30,18,18.071429,8100,2520,0,24.0
0,base,all_logged,87,SAUSAGE-C,30,43,21,21,0,0,0,52,22,18.5,9450,2940,0,41.6
0,base,all_logged,88,SAUSAGE-C,52,22,14,14,0,0,0,60,14,18.357143,6300,1960,0,48.0
0,base,all_logged,89,SAUSAGE-C,60,14,19,19,0,0,0,55,18,18.25,8550,2660,0,44.0
0,base,all_logged,90,SAUSAGE-C,55,18,27,27,0,0,0,46,30,18.821429,12150,3780,0,36.800000000000004
0,base,all_logged,91,SAUSAGE-C,46,0,18,18,0,0,0,28,18,18.928571,8100,2520,0,22.400000000000002
0,base,all_logged,92,SAUSAGE-C,28,18,11,11,0,0,0,35,9,18.5,4950,1540,0,28.0
0,base,all_logged,93,SAUSAGE-C,35,39,24,24,0,0,0,50,26,18.928571,10800,3360,0,40.0
0,base,all_logged,94,SAUSAGE-C,50,26,37,37,0,0,0,39,38,19.071429,16650,5180,0,31.200000000000003
0,base,all_logged,95,SAUSAGE-C,39,38,45,45,0,0,0,32,48,19.892857,20250,6300,0,25.6
0,base,all_logged,96,SAUSAGE-C,32,48,22,22,0,0,0,58,22,19.892857,9900,3080,0,46.400000000000006
0,base,all_logged,97,SAUSAGE-C,58,22,11,11,0,0,0,69,11,19.857143,4950,1540,0,55.2
0,base,all_logged,98,SAUSAGE-C,69,11,17,17,0,0,0,63,17,20,7650,2380,0,50.400000000000006
0,base,all_logged,99,SAUSAGE-C,63,0,23,23,0,0,0,40,24,20.214286,10350,3220,0,32.0
0,base,all_logged,100,SAUSAGE-C,40,24,39,39,0,0,0,25,44,21.321429,17550,5460,0,20.0
0,base,all_logged,101,SAUSAGE-C,25,61,21,21,0,0,0,65,21,21.392857,9450,2940,0,52.0
0,base,all_logged,102,SAUSAGE-C,65,21,18,18,0,0,0,68,16,20.964286,8100,2520,0,54.400000000000006
0,base,all_logged,103,SAUSAGE-C,68,16,17,17,0,0,0,67,18,21.107143,7650,2380,0,53.6
0,base,all_logged,104,SAUSAGE-C,67,18,26,26,0,0,0,59,28,21.678571,11700,3640,0,47.2
0,base,all_logged,105,SAUSAGE-C,59,28,14,14,0,0,0,73,14,21.535714,6300,1960,0,58.400000000000006
0,base,all_logged,106,SAUSAGE-C,73,14,15,15,0,0,0,72,14,21.428571,6750,2100,0,57.6
0,base,all_logged,107,SAUSAGE-C,72,14,18,18,0,0,0,68,19,21.607143,8100,2520,0,54.400000000000006
0,base,all_logged,108,SAUSAGE-C,68,19,18,18,0,0,0,69,18,21.714286,8100,2520,0,55.2
0,base,all_logged,109,SAUSAGE-C,69,18,47,47,0,0,0,40,51,22.714286,21150,6580,0,32.0
0,base,all_logged,110,SAUSAGE-C,40,51,20,20,0,0,0,71,20,22.607143,9000,2800,0,56.800000000000004
0,base,all_logged,111,SAUSAGE-C,71,20,26,26,0,0,0,65,26,22.75,11700,3640,0,52.0
0,base,all_logged,112,SAUSAGE-C,65,26,23,23,0,0,0,68,23,22.714286,10350,3220,0,54.400000000000006
0,base,all_logged,113,SAUSAGE-C,68,23,16,16,0,0,0,75,15,22.321429,7200,2240,0,60.0
0,base,all_logged,114,SAUSAGE-C,75,15,19,19,0,0,0,71,19,22.357143,8550,2660,0,56.800000000000004
0,base,all_logged,115,SAUSAGE-C,71,19,10,10,0,0,0,80,8,21.964286,4500,1400,0,64.0
0,base,all_logged,116,SAUSAGE-C,80,8,26,26,0,0,0,62,28,22.392857,11700,3640,0,49.6
0,base,all_logged,117,SAUSAGE-C,62,28,19,19,0,0,0,71,19,22.392857,8550,2660,0,56.800000000000004
0,base,all_logged,118,SAUSAGE-C,71,19,13,13,0,0,0,77,11,21.892857,5850,1820,0,61.6
0,base,all_logged,119,SAUSAGE-C,77,11,10,10,0,0,0,78,9,21.607143,4500,1400,0,62.400000000000006
0,base,all_logged,120,SAUSAGE-C,78,9,26,26,0,0,0,61,28,22.142857,11700,3640,0,48.800000000000004
0,base,all_logged,121,SAUSAGE-C,61,28,23,23,0,0,0,66,23,22.107143,10350,3220,0,52.800000000000004
0,base,all_logged,122,SAUSAGE-C,66,23,23,23,0,0,0,66,21,21.607143,10350,3220,0,52.800000000000004
0,base,all_logged,123,SAUSAGE-C,66,21,31,31,0,0,0,56,29,21.107143,13950,4340,0,44.800000000000004
0,base,all_logged,124,SAUSAGE-C,56,29,26,26,0,0,0,59,26,21.25,11700,3640,0,47.2
0,base,all_logged,125,SAUSAGE-C,59,26,22,22,0,0,0,63,24,21.642857,9900,3080,0,50.400000000000006
0,base,all_logged,126,SAUSAGE-C,63,24,10,10,0,0,0,77,9,21.392857,4500,1400,0,61.6
0,base,all_logged,127,SAUSAGE-C,77,9,26,26,0,0,0,60,26,21.5,11700,3640,0,48.0
0,base,all_logged,128,SAUSAGE-C,60,26,44,44,0,0,0,42,45,21.678571,19800,6160,0,33.6
0,base,all_logged,129,SAUSAGE-C,42,45,37,37,0,0,0,50,39,22.25,16650,5180,0,40.0
0,base,all_logged,130,SAUSAGE-C,50,39,25,25,0,0,0,64,26,22.5,11250,3500,0,51.2
0,base,all_logged,131,SAUSAGE-C,64,26,19,19,0,0,0,71,20,22.571429,8550,2660,0,56.800000000000004
0,base,all_logged,132,SAUSAGE-C,71,20,42,42,0,0,0,49,44,23.142857,18900,5880,0,39.2
0,base,all_logged,133,SAUSAGE-C,49,44,24,24,0,0,0,69,25,23.5,10800,3360,0,55.2
0,base,all_logged,134,SAUSAGE-C,69,25,16,16,0,0,0,78,17,23.535714,7200,2240,0,62.400000000000006
0,base,all_logged,135,SAUSAGE-C,78,17,23,23,0,0,0,72,23,23.714286,10350,3220,0,57.6
0,base,all_logged,136,SAUSAGE-C,72,23,28,28,0,0,0,67,30,24.071429,12600,3920,0,53.6
0,base,all_logged,137,SAUSAGE-C,67,30,33,33,0,0,0,64,31,23.571429,14850,4620,0,51.2
0,base,all_logged,138,SAUSAGE-C,64,0,36,36,0,0,0,28,38,24.142857,16200,5040,0,22.400000000000002
0,base,all_logged,139,SAUSAGE-C,28,38,25,25,0,0,0,41,25,24.107143,11250,3500,0,32.800000000000004
0,base,all_logged,140,SAUSAGE-C,41,56,18,18,0,0,0,79,17,23.928571,8100,2520,0,63.2
0,base,all_logged,141,SAUSAGE-C,79,17,28,28,0,0,0,68,30,24.357143,12600,3920,0,54.400000000000006
0,base,all_logged,142,SAUSAGE-C,68,0,27,27,0,0,0,41,28,24.642857,12150,3780,0,32.800000000000004
0,base,all_logged,143,SAUSAGE-C,41,28,18,18,0,0,0,51,19,24.928571,8100,2520,0,40.800000000000004
0,base,all_logged,144,SAUSAGE-C,51,49,27,27,0,0,0,73,27,24.964286,12150,3780,0,58.400000000000006
0,base,all_logged,145,SAUSAGE-C,73,27,28,28,0,0,0,72,30,25.285714,12600,3920,0,57.6
0,base,all_logged,146,SAUSAGE-C,72,30,9,9,0,0,0,93,8,25.142857,4050,1260,0,74.4
0,base,all_logged,147,SAUSAGE-C,93,8,19,19,0,0,0,82,20,25.464286,8550,2660,0,65.60000000000001
0,base,all_logged,148,SAUSAGE-C,82,20,9,9,0,0,0,93,7,24.857143,4050,1260,0,74.4
0,base,all_logged,149,SAUSAGE-C,93,7,22,22,0,0,0,78,22,24.821429,9900,3080,0,62.400000000000006
0,base,all_logged,150,SAUSAGE-C,78,22,18,18,0,0,0,82,17,24.642857,8100,2520,0,65.60000000000001
0,base,all_logged,151,SAUSAGE-C,82,17,34,34,0,0,0,65,34,24.75,15300,4760,0,52.0
0,base,all_logged,152,SAUSAGE-C,65,34,35,35,0,0,0,64,37,25.071429,15750,4900,0,51.2
0,base,all_logged,153,SAUSAGE-C,64,37,13,13,0,0,0,88,11,24.75,5850,1820,0,70.4
0,base,all_logged,154,SAUSAGE-C,88,11,13,13,0,0,0,86,14,24.857143,5850,1820,0,68.8
0,base,all_logged,155,SAUSAGE-C,86,14,33,33,0,0,0,67,34,25.107143,14850,4620,0,53.6
0,base,all_logged,156,SAUSAGE-C,67,34,18,18,0,0,0,83,14,24.178571,8100,2520,0,66.4
0,base,all_logged,157,SAUSAGE-C,83,14,26,26,0,0,0,71,25,23.785714,11700,3640,0,56.800000000000004
0,base,all_logged,158,SAUSAGE-C,71,25,39,39,0,0,0,57,41,24.285714,17550,5460,0,45.6
0,base,all_logged,159,SAUSAGE-C,57,41,25,25,0,0,0,73,25,24.5,11250,3500,0,58.400000000000006
0,base,all_logged,160,SAUSAGE-C,73,25,28,28,0,0,0,70,26,24,12600,3920,0,56.0
0,base,all_logged,161,SAUSAGE-C,70,26,30,30,0,0,0,66,31,24.214286,13500,4200,0,52.800000000000004
0,base,all_logged,162,SAUSAGE-C,66,31,28,28,0,0,0,69,30,24.642857,12600,3920,0,55.2
0,base,all_logged,163,SAUSAGE-C,69,30,34,34,0,0,0,65,36,25.035714,15300,4760,0,52.0
0,base,all_logged,164,SAUSAGE-C,65,36,18,18,0,0,0,83,16,24.678571,8100,2520,0,66.4
0,base,all_logged,165,SAUSAGE-C,83,16,14,14,0,0,0,85,11,24,6300,1960,0,68.0
0,base,all_logged,166,SAUSAGE-C,85,11,20,20,0,0,0,76,18,23.428571,9000,2800,0,60.800000000000004
0,base,all_logged,167,SAUSAGE-C,76,18,13,13,0,0,0,81,11,23,5850,1820,0,64.8
0,base,all_logged,168,SAUSAGE-C,81,11,12,12,0,0,0,80,12,22.785714,5400,1680,0,64.0
0,base,all_logged,169,SAUSAGE-C,80,12,14,14,0,0,0,78,12,22.285714,6300,1960,0,62.400000000000006
0,base,all_logged,170,SAUSAGE-C,78,12,38,38,0,0,0,52,39,22.678571,17100,5320,0,41.6
0,base,all_logged,171,SAUSAGE-C,52,0,18,18,0,0,0,34,18,22.678571,8100,2520,0,27.200000000000003
0,base,all_logged,172,SAUSAGE-C,34,18,18,18,0,0,0,34,17,22.357143,8100,2520,0,27.200000000000003
0,base,all_logged,173,SAUSAGE-C,34,39,19,19,0,0,0,54,18,22.035714,8550,2660,0,43.2
0,base,all_logged,174,SAUSAGE-C,54,0,15,15,0,0,0,39,15,22.25,6750,2100,0,31.200000000000003
0,base,all_logged,175,SAUSAGE-C,39,32,18,18,0,0,0,53,18,22.214286,8100,2520,0,42.400000000000006
0,base,all_logged,176,SAUSAGE-C,53,36,16,16,0,0,0,73,17,22.464286,7200,2240,0,58.400000000000006
0,base,all_logged,177,SAUSAGE-C,73,17,22,22,0,0,0,68,22,22.464286,9900,3080,0,54.400000000000006
0,base,all_logged,178,SAUSAGE-C,68,22,35,35,0,0,0,55,38,23.071429,15750,4900,0,44.0
0,base,all_logged,179,SAUSAGE-C,55,0,63,55,8,8,0,0,59,24.107143,24750,7700,0,0.0
0,base,all_logged,180,SAUSAGE-C,0,59,25,25,0,0,0,34,23,23.75,11250,3500,0,27.200000000000003
0,base,all_logged,181,SAUSAGE-C,34,61,22,22,0,0,0,73,24,24.071429,9900,3080,0,58.400000000000006
0,base,all_logged,182,SAUSAGE-C,73,24,9,9,0,0,0,88,8,23.928571,4050,1260,0,70.4
0,base,all_logged,183,SAUSAGE-C,88,8,14,14,0,0,0,82,11,23.25,6300,1960,0,65.60000000000001
0,base,all_logged,184,SAUSAGE-C,82,0,44,44,0,0,0,38,48,24.178571,19800,6160,0,30.400000000000002
0,base,all_logged,185,SAUSAGE-C,38,48,17,17,0,0,0,69,16,23.857143,7650,2380,0,55.2
0,base,all_logged,186,SAUSAGE-C,69,27,31,31,0,0,0,65,30,23.571429,13950,4340,0,52.0
0,base,all_logged,187,SAUSAGE-C,65,30,47,47,0,0,0,48,50,24.357143,21150,6580,0,38.400000000000006
0,base,all_logged,188,SAUSAGE-C,48,50,16,16,0,0,0,82,14,23.928571,7200,2240,0,65.60000000000001
0,base,all_logged,189,SAUSAGE-C,82,14,23,23,0,0,0,73,22,23.678571,10350,3220,0,58.400000000000006
0,base,all_logged,190,SAUSAGE-C,73,22,17,17,0,0,0,78,16,23.285714,7650,2380,0,62.400000000000006
0,base,all_logged,191,SAUSAGE-C,78,16,18,18,0,0,0,76,15,22.714286,8100,2520,0,60.800000000000004
0,base,all_logged,192,SAUSAGE-C,76,15,9,9,0,0,0,82,8,22.392857,4050,1260,0,65.60000000000001
0,base,all_logged,193,SAUSAGE-C,82,8,28,28,0,0,0,62,30,22.892857,12600,3920,0,49.6
0,base,all_logged,194,SAUSAGE-C,62,30,61,61,0,0,0,31,67,24.357143,27450,8540,0,24.8
0,base,all_logged,195,SAUSAGE-C,31,67,31,31,0,0,0,67,33,25,13950,4340,0,53.6
0,base,all_logged,196,SAUSAGE-C,67,33,33,33,0,0,0,67,36,25.75,14850,4620,0,53.6
0,base,all_logged,197,SAUSAGE-C,67,36,26,26,0,0,0,77,28,26.178571,11700,3640,0,61.6
0,base,all_logged,198,SAUSAGE-C,77,28,20,20,0,0,0,85,18,25.535714,9000,2800,0,68.0
0,base,all_logged,199,SAUSAGE-C,85,0,37,37,0,0,0,48,39,26.214286,16650,5180,0,38.400000000000006
0,base,all_logged,200,SAUSAGE-C,48,0,37,37,0,0,0,11,40,26.892857,16650,5180,0,8.8
0,base,all_logged,201,SAUSAGE-C,11,58,36,36,0,0,0,33,38,27.5,16200,5040,0,26.400000000000002
0,base,all_logged,202,SAUSAGE-C,33,77,12,12,0,0,0,98,12,27.392857,5400,1680,0,78.4
0,base,all_logged,203,SAUSAGE-C,98,12,17,17,0,0,0,93,17,27.357143,7650,2380,0,74.4
0,base,all_logged,204,SAUSAGE-C,93,0,27,27,0,0,0,66,28,27.75,12150,3780,0,52.800000000000004
0,base,all_logged,205,SAUSAGE-C,66,0,80,66,14,14,0,0,75,29.821429,29700,9240,0,0.0
0,base,all_logged,206,SAUSAGE-C,0,92,16,16,0,0,0,76,13,29.142857,7200,2240,0,60.800000000000004
0,base,all_logged,207,SAUSAGE-C,76,41,33,33,0,0,0,84,29,28.071429,14850,4620,0,67.2
0,base,all_logged,208,SAUSAGE-C,84,29,17,17,0,0,0,96,16,27.785714,7650,2380,0,76.80000000000001
0,base,all_logged,209,SAUSAGE-C,96,16,16,16,0,0,0,96,15,27.571429,7200,2240,0,76.80000000000001
0,base,all_logged,210,SAUSAGE-C,96,15,17,17,0,0,0,94,18,27.857143,7650,2380,0,75.2
0,base,all_logged,211,SAUSAGE-C,94,18,22,22,0,0,0,90,23,28.142857,9900,3080,0,72.0
0,base,all_logged,212,SAUSAGE-C,90,23,43,43,0,0,0,70,43,28.107143,19350,6020,0,56.0
0,base,all_logged,213,SAUSAGE-C,70,43,37,37,0,0,0,76,40,28.821429,16650,5180,0,60.800000000000004
0,base,all_logged,214,SAUSAGE-C,76,40,50,50,0,0,0,66,52,29.5,22500,7000,0,52.800000000000004
0,base,all_logged,215,SAUSAGE-C,66,52,26,26,0,0,0,92,23,28.75,11700,3640,0,73.60000000000001
0,base,all_logged,216,SAUSAGE-C,92,23,18,18,0,0,0,97,19,28.821429,8100,2520,0,77.60000000000001
0,base,all_logged,217,SAUSAGE-C,97,19,16,16,0,0,0,100,15,28.571429,7200,2240,0,80.0
0,base,all_logged,218,SAUSAGE-C,100,15,23,23,0,0,0,92,24,28.785714,10350,3220,0,73.60000000000001
0,base,all_logged,219,SAUSAGE-C,92,24,20,20,0,0,0,96,20,28.857143,9000,2800,0,76.80000000000001
0,base,all_logged,220,SAUSAGE-C,96,0,24,24,0,0,0,72,26,29.392857,10800,3360,0,57.6
0,base,all_logged,221,SAUSAGE-C,72,26,33,33,0,0,0,65,34,29.571429,14850,4620,0,52.0
0,base,all_logged,222,SAUSAGE-C,65,54,18,18,0,0,0,101,12,28.035714,8100,2520,0,80.80000000000001
0,base,all_logged,223,SAUSAGE-C,101,12,34,34,0,0,0,79,34,28.142857,15300,4760,0,63.2
0,base,all_logged,224,SAUSAGE-C,79,0,13,13,0,0,0,66,10,27.428571,5850,1820,0,52.800000000000004
0,base,all_logged,225,SAUSAGE-C,66,10,22,22,0,0,0,54,22,27.285714,9900,3080,0,43.2
0,base,all_logged,226,SAUSAGE-C,54,56,13,13,0,0,0,97,12,27.035714,5850,1820,0,77.60000000000001
0,base,all_logged,227,SAUSAGE-C,97,12,51,51,0,0,0,58,53,27.535714,22950,7140,0,46.400000000000006
0,base,all_logged,228,SAUSAGE-C,58,53,16,16,0,0,0,95,13,26.785714,7200,2240,0,76.0
0,base,all_logged,229,SAUSAGE-C,95,13,49,49,0,0,0,59,50,27.25,22050,6860,0,47.2
0,base,all_logged,230,SAUSAGE-C,59,0,19,19,0,0,0,40,20,27.5,8550,2660,0,32.0
0,base,all_logged,231,SAUSAGE-C,40,20,23,23,0,0,0,37,24,27.714286,10350,3220,0,29.6
0,base,all_logged,232,SAUSAGE-C,37,50,26,26,0,0,0,61,26,27.678571,11700,3640,0,48.800000000000004
0,base,all_logged,233,SAUSAGE-C,61,26,18,18,0,0,0,69,9,25.464286,8100,2520,0,55.2
0,base,all_logged,234,SAUSAGE-C,69,33,39,39,0,0,0,63,43,26.285714,17550,5460,0,50.400000000000006
0,base,all_logged,235,SAUSAGE-C,63,43,28,28,0,0,0,78,27,26.107143,12600,3920,0,62.400000000000006
0,base,all_logged,236,SAUSAGE-C,78,27,25,25,0,0,0,80,26,26.392857,11250,3500,0,64.0
0,base,all_logged,237,SAUSAGE-C,80,26,10,10,0,0,0,96,9,26.178571,4500,1400,0,76.80000000000001
0,base,all_logged,238,SAUSAGE-C,96,9,16,16,0,0,0,89,16,26.142857,7200,2240,0,71.2
0,base,all_logged,239,SAUSAGE-C,89,16,23,23,0,0,0,82,23,26.178571,10350,3220,0,65.60000000000001
0,base,all_logged,0,SPECIAL-D,24,0,11,11,0,0,0,13,31,11,7920,1760,0,10.4
0,base,all_logged,1,SPECIAL-D,13,31,4,4,0,0,0,40,0,7.5,2880,640,0,32.0
0,base,all_logged,2,SPECIAL-D,40,0,9,9,0,0,0,31,1,8,6480,1440,0,24.8
0,base,all_logged,3,SPECIAL-D,31,1,11,11,0,0,0,21,14,8.75,7920,1760,0,16.8
0,base,all_logged,4,SPECIAL-D,21,14,10,10,0,0,0,25,11,9,7200,1600,0,20.0
0,base,all_logged,5,SPECIAL-D,25,11,13,13,0,0,10,13,26,9.666667,9360,2080,5600,10.4
0,base,all_logged,6,SPECIAL-D,13,26,5,5,0,0,0,34,2,9,3600,800,0,27.200000000000003
0,base,all_logged,7,SPECIAL-D,34,2,14,14,0,0,0,22,17,9.625,10080,2240,0,17.6
0,base,all_logged,8,SPECIAL-D,22,17,10,10,0,0,0,29,10,9.666667,7200,1600,0,23.200000000000003
0,base,all_logged,9,SPECIAL-D,29,0,13,13,0,0,0,16,14,10,9360,2080,0,12.8
0,base,all_logged,10,SPECIAL-D,16,14,5,5,0,0,0,25,4,9.545455,3600,800,0,20.0
0,base,all_logged,11,SPECIAL-D,25,14,8,8,0,0,0,31,7,9.416667,5760,1280,0,24.8
0,base,all_logged,12,SPECIAL-D,31,7,14,14,0,0,3,21,19,9.769231,10080,2240,1680,16.8
0,base,all_logged,13,SPECIAL-D,21,19,8,8,0,0,0,32,7,9.642857,5760,1280,0,25.6
0,base,all_logged,14,SPECIAL-D,32,7,9,9,0,0,0,30,9,9.6,6480,1440,0,24.0
0,base,all_logged,15,SPECIAL-D,30,9,4,4,0,0,0,35,2,9.25,2880,640,0,28.0
0,base,all_logged,16,SPECIAL-D,35,2,6,6,0,0,0,31,6,9.058824,4320,960,0,24.8
0,base,all_logged,17,SPECIAL-D,31,6,8,8,0,0,13,16,20,9,5760,1280,7280,12.8
0,base,all_logged,18,SPECIAL-D,16,20,7,7,0,0,0,29,7,8.894737,5040,1120,0,23.200000000000003
0,base,all_logged,19,SPECIAL-D,29,7,9,9,0,0,1,26,10,8.9,6480,1440,560,20.8
0,base,all_logged,20,SPECIAL-D,26,10,8,8,0,0,0,28,8,8.857143,5760,1280,0,22.400000000000002
0,base,all_logged,21,SPECIAL-D,28,8,5,5,0,0,0,31,4,8.681818,3600,800,0,24.8
0,base,all_logged,22,SPECIAL-D,31,4,5,5,0,0,6,24,11,8.521739,3600,800,3360,19.200000000000003
0,base,all_logged,23,SPECIAL-D,24,11,8,8,0,0,2,25,9,8.5,5760,1280,1120,20.0
0,base,all_logged,24,SPECIAL-D,25,0,9,9,0,0,2,14,12,8.52,6480,1440,1120,11.200000000000001
0,base,all_logged,25,SPECIAL-D,14,0,10,10,0,0,0,4,10,8.576923,7200,1600,0,3.2
0,base,all_logged,26,SPECIAL-D,4,19,15,15,0,0,0,8,16,8.814815,10800,2400,0,6.4
0,base,all_logged,27,SPECIAL-D,8,28,5,5,0,0,0,31,4,8.678571,3600,800,0,24.8
0,base,all_logged,28,SPECIAL-D,31,4,5,5,0,0,0,30,4,8.464286,3600,800,0,24.0
0,base,all_logged,29,SPECIAL-D,30,4,9,9,0,0,0,25,10,8.642857,6480,1440,0,20.0
0,base,all_logged,30,SPECIAL-D,25,10,9,9,0,0,0,26,9,8.642857,6480,1440,0,20.8
0,base,all_logged,31,SPECIAL-D,26,9,6,6,0,0,8,21,13,8.464286,4320,960,4480,16.8
0,base,all_logged,32,SPECIAL-D,21,13,9,9,0,0,0,25,9,8.428571,6480,1440,0,20.0
0,base,all_logged,33,SPECIAL-D,25,0,12,12,0,0,0,13,12,8.392857,8640,1920,0,10.4
0,base,all_logged,34,SPECIAL-D,13,12,11,11,0,0,0,14,12,8.607143,7920,1760,0,11.200000000000001
0,base,all_logged,35,SPECIAL-D,14,21,5,5,0,0,0,30,4,8.285714,3600,800,0,24.0
0,base,all_logged,36,SPECIAL-D,30,4,14,14,0,0,0,20,14,8.428571,10080,2240,0,16.0
0,base,all_logged,37,SPECIAL-D,20,14,8,8,0,0,0,26,7,8.25,5760,1280,0,20.8
0,base,all_logged,38,SPECIAL-D,26,7,11,11,0,0,0,22,12,8.464286,7920,1760,0,17.6
0,base,all_logged,39,SPECIAL-D,22,12,9,9,0,0,0,25,9,8.5,6480,1440,0,20.0
0,base,all_logged,40,SPECIAL-D,25,9,7,7,0,0,0,27,6,8.25,5040,1120,0,21.6
0,base,all_logged,41,SPECIAL-D,27,6,5,5,0,0,0,28,5,8.142857,3600,800,0,22.400000000000002
0,base,all_logged,42,SPECIAL-D,28,0,7,7,0,0,1,20,8,8.071429,5040,1120,560,16.0
0,base,all_logged,43,SPECIAL-D,20,8,4,4,0,0,5,19,9,8.071429,2880,640,2800,15.200000000000001
0,base,all_logged,44,SPECIAL-D,19,5,11,11,0,0,5,8,16,8.25,7920,1760,2800,6.4
0,base,all_logged,45,SPECIAL-D,8,16,9,9,0,0,0,15,10,8.285714,6480,1440,0,12.0
0,base,all_logged,46,SPECIAL-D,15,9,9,9,0,0,0,15,9,8.357143,6480,1440,0,12.0
0,base,all_logged,47,SPECIAL-D,15,9,10,10,0,0,0,14,10,8.392857,7200,1600,0,11.200000000000001
0,base,all_logged,48,SPECIAL-D,14,20,9,9,0,0,0,25,9,8.428571,6480,1440,0,20.0
0,base,all_logged,49,SPECIAL-D,25,9,8,8,0,0,0,26,9,8.535714,5760,1280,0,20.8
0,base,all_logged,50,SPECIAL-D,26,9,7,7,0,0,0,28,7,8.607143,5040,1120,0,22.400000000000002
0,base,all_logged,51,SPECIAL-D,28,7,7,7,0,0,0,28,7,8.571429,5040,1120,0,22.400000000000002
0,base,all_logged,52,SPECIAL-D,28,7,10,10,0,0,3,22,13,8.607143,7200,1600,1680,17.6
0,base,all_logged,53,SPECIAL-D,22,13,8,8,0,0,0,27,8,8.535714,5760,1280,0,21.6
0,base,all_logged,54,SPECIAL-D,27,8,9,9,0,0,0,26,8,8.321429,6480,1440,0,20.8
0,base,all_logged,55,SPECIAL-D,26,0,9,9,0,0,0,17,9,8.464286,6480,1440,0,13.600000000000001
0,base,all_logged,56,SPECIAL-D,17,9,9,9,0,0,0,17,10,8.607143,6480,1440,0,13.600000000000001
0,base,all_logged,57,SPECIAL-D,17,18,13,13,0,0,0,22,13,8.75,9360,2080,0,17.6
0,base,all_logged,58,SPECIAL-D,22,0,5,5,0,0,0,17,5,8.607143,3600,800,0,13.600000000000001
0,base,all_logged,59,SPECIAL-D,17,5,5,5,0,0,0,17,5,8.571429,3600,800,0,13.600000000000001
0,base,all_logged,60,SPECIAL-D,17,13,11,11,0,0,0,19,11,8.642857,7920,1760,0,15.200000000000001
0,base,all_logged,61,SPECIAL-D,19,11,17,17,0,0,1,12,19,8.821429,12240,2720,560,9.600000000000001
0,base,all_logged,62,SPECIAL-D,12,24,5,5,0,0,0,31,4,8.607143,3600,800,0,24.8
0,base,all_logged,63,SPECIAL-D,31,4,6,6,0,0,0,29,6,8.642857,4320,960,0,23.200000000000003
0,base,all_logged,64,SPECIAL-D,29,6,10,10,0,0,0,25,9,8.5,7200,1600,0,20.0
0,base,all_logged,65,SPECIAL-D,25,9,6,6,0,0,0,28,6,8.428571,4320,960,0,22.400000000000002
0,base,all_logged,66,SPECIAL-D,28,6,6,6,0,0,9,19,14,8.25,4320,960,5040,15.200000000000001
0,base,all_logged,67,SPECIAL-D,19,14,6,6,0,0,0,27,6,8.142857,4320,960,0,21.6
0,base,all_logged,68,SPECIAL-D,27,6,8,8,0,0,0,25,8,8.178571,5760,1280,0,20.0
0,base,all_logged,69,SPECIAL-D,25,8,3,3,0,0,0,30,3,8.107143,2160,480,0,24.0
0,base,all_logged,70,SPECIAL-D,30,3,6,6,0,0,2,25,8,8.071429,4320,960,1120,20.0
0,base,all_logged,71,SPECIAL-D,25,8,8,8,0,0,8,17,16,8.214286,5760,1280,4480,13.600000000000001
0,base,all_logged,72,SPECIAL-D,17,16,6,6,0,0,0,27,6,8.035714,4320,960,0,21.6
0,base,all_logged,73,SPECIAL-D,27,6,5,5,0,0,0,28,4,7.892857,3600,800,0,22.400000000000002
0,base,all_logged,74,SPECIAL-D,28,4,11,11,0,0,0,21,11,7.964286,7920,1760,0,16.8
0,base,all_logged,75,SPECIAL-D,21,11,8,8,0,0,0,24,8,7.892857,5760,1280,0,19.200000000000003
0,base,all_logged,76,SPECIAL-D,24,8,4,4,0,0,3,25,6,7.714286,2880,640,1680,20.0
0,base,all_logged,77,SPECIAL-D,25,6,8,8,0,0,2,21,10,7.714286,5760,1280,1120,16.8
0,base,all_logged,78,SPECIAL-D,21,10,9,9,0,0,0,22,10,7.785714,6480,1440,0,17.6
0,base,all_logged,79,SPECIAL-D,22,10,9,9,0,0,0,23,9,7.857143,6480,1440,0,18.400000000000002
0,base,all_logged,80,SPECIAL-D,23,0,3,3,0,0,0,20,2,7.607143,2160,480,0,16.0
0,base,all_logged,81,SPECIAL-D,20,2,7,7,0,0,0,15,7,7.571429,5040,1120,0,12.0
0,base,all_logged,82,SPECIAL-D,15,16,6,6,0,0,3,22,8,7.464286,4320,960,1680,17.6
0,base,all_logged,83,SPECIAL-D,22,0,8,8,0,0,4,10,12,7.428571,5760,1280,2240,8.0
0,base,all_logged,84,SPECIAL-D,10,12,7,7,0,0,0,15,7,7.357143,5040,1120,0,12.0
0,base,all_logged,85,SPECIAL-D,15,15,4,4,0,0,0,26,3,7.035714,2880,640,0,20.8
0,base,all_logged,86,SPECIAL-D,26,0,10,10,0,0,0,16,10,7.214286,7200,1600,0,12.8
0,base,all_logged,87,SPECIAL-D,16,10,6,6,0,0,0,20,6,7.25,4320,960,0,16.0
0,base,all_logged,88,SPECIAL-D,20,3,5,5,0,0,0,18,5,7.035714,3600,800,0,14.4
0,base,all_logged,89,SPECIAL-D,18,5,20,18,2,2,5,0,23,7.142857,12960,2880,2800,0.0
0,base,all_logged,90,SPECIAL-D,0,29,6,6,0,0,0,23,6,7.178571,4320,960,0,18.400000000000002
0,base,all_logged,91,SPECIAL-D,23,6,5,5,0,0,0,24,5,7.142857,3600,800,0,19.200000000000003
0,base,all_logged,92,SPECIAL-D,24,5,8,8,0,0,0,21,8,7.071429,5760,1280,0,16.8
0,base,all_logged,93,SPECIAL-D,21,8,5,5,0,0,0,24,5,7.035714,3600,800,0,19.200000000000003
0,base,all_logged,94,SPECIAL-D,24,5,7,7,0,0,5,17,12,7.071429,5040,1120,2800,13.600000000000001
0,base,all_logged,95,SPECIAL-D,17,0,14,14,0,0,0,3,15,7.357143,10080,2240,0,2.4000000000000004
0,base,all_logged,96,SPECIAL-D,3,15,5,5,0,0,0,13,4,7.25,3600,800,0,10.4
0,base,all_logged,97,SPECIAL-D,13,16,6,6,0,0,0,23,7,7.357143,4320,960,0,18.400000000000002
0,base,all_logged,98,SPECIAL-D,23,7,12,12,0,0,0,18,13,7.571429,8640,1920,0,14.4
0,base,all_logged,99,SPECIAL-D,18,13,6,6,0,0,0,25,5,7.5,4320,960,0,20.0
0,base,all_logged,100,SPECIAL-D,25,0,7,7,0,0,0,18,8,7.535714,5040,1120,0,14.4
0,base,all_logged,101,SPECIAL-D,18,8,11,11,0,0,0,15,11,7.75,7920,1760,0,12.0
0,base,all_logged,102,SPECIAL-D,15,16,8,8,0,0,0,23,8,7.642857,5760,1280,0,18.400000000000002
0,base,all_logged,103,SPECIAL-D,23,8,13,13,0,0,0,18,14,7.821429,9360,2080,0,14.4
0,base,all_logged,104,SPECIAL-D,18,14,12,12,0,0,0,20,13,8.107143,8640,1920,0,16.0
0,base,all_logged,105,SPECIAL-D,20,13,8,8,0,0,0,25,8,8.107143,5760,1280,0,20.0
0,base,all_logged,106,SPECIAL-D,25,8,6,6,0,0,0,27,5,8,4320,960,0,21.6
0,base,all_logged,107,SPECIAL-D,27,5,12,12,0,0,0,20,13,8.107143,8640,1920,0,16.0
0,base,all_logged,108,SPECIAL-D,20,13,9,9,0,0,0,24,10,8.321429,6480,1440,0,19.200000000000003
0,base,all_logged,109,SPECIAL-D,24,10,10,10,0,0,0,24,10,8.428571,7200,1600,0,19.200000000000003
0,base,all_logged,110,SPECIAL-D,24,10,18,18,0,0,0,16,20,8.857143,12960,2880,0,12.8
0,base,all_logged,111,SPECIAL-D,16,0,5,5,0,0,0,11,4,8.75,3600,800,0,8.8
0,base,all_logged,112,SPECIAL-D,11,4,16,15,1,1,0,0,17,9.071429,10800,2400,0,0.0
0,base,all_logged,113,SPECIAL-D,0,20,4,4,0,0,0,16,4,9.071429,2880,640,0,12.8
0,base,all_logged,114,SPECIAL-D,16,4,8,8,0,0,0,12,7,9,5760,1280,0,9.600000000000001
0,base,all_logged,115,SPECIAL-D,12,17,6,6,0,0,0,23,6,9,4320,960,0,18.400000000000002
0,base,all_logged,116,SPECIAL-D,23,0,8,8,0,0,0,15,9,9.107143,5760,1280,0,12.0
0,base,all_logged,117,SPECIAL-D,15,16,8,8,0,0,0,23,6,8.678571,5760,1280,0,18.400000000000002
0,base,all_logged,118,SPECIAL-D,23,12,7,7,0,0,0,28,7,8.714286,5040,1120,0,22.400000000000002
0,base,all_logged,119,SPECIAL-D,28,7,4,4,0,0,0,31,4,8.678571,2880,640,0,24.8
0,base,all_logged,120,SPECIAL-D,31,4,14,14,0,0,0,21,15,8.892857,10080,2240,0,16.8
0,base,all_logged,121,SPECIAL-D,21,15,11,11,0,0,0,25,12,9.107143,7920,1760,0,20.0
0,base,all_logged,122,SPECIAL-D,25,12,8,8,0,0,0,29,8,9.142857,5760,1280,0,23.200000000000003
0,base,all_logged,123,SPECIAL-D,29,8,10,10,0,0,0,27,9,9,7200,1600,0,21.6
0,base,all_logged,124,SPECIAL-D,27,9,6,6,0,0,0,30,7,9.035714,4320,960,0,24.0
0,base,all_logged,125,SPECIAL-D,30,7,9,9,0,0,1,27,10,9.142857,6480,1440,560,21.6
0,base,all_logged,126,SPECIAL-D,27,0,8,8,0,0,3,16,10,9,5760,1280,1680,12.8
0,base,all_logged,127,SPECIAL-D,16,10,14,14,0,0,0,12,16,9.285714,10080,2240,0,9.600000000000001
0,base,all_logged,128,SPECIAL-D,12,26,17,17,0,0,0,21,18,9.642857,12240,2720,0,16.8
0,base,all_logged,129,SPECIAL-D,21,18,11,11,0,0,0,28,11,9.642857,7920,1760,0,22.400000000000002
0,base,all_logged,130,SPECIAL-D,28,11,12,12,0,0,0,27,13,9.785714,8640,1920,0,21.6
0,base,all_logged,131,SPECIAL-D,27,13,16,16,0,0,0,24,16,9.892857,11520,2560,0,19.200000000000003
0,base,all_logged,132,SPECIAL-D,24,0,5,5,0,0,0,19,4,9.642857,3600,800,0,15.200000000000001
0,base,all_logged,133,SPECIAL-D,19,4,10,10,0,0,0,13,10,9.714286,7200,1600,0,10.4
0,base,all_logged,134,SPECIAL-D,13,26,10,10,0,0,0,29,11,9.857143,7200,1600,0,23.200000000000003
0,base,all_logged,135,SPECIAL-D,29,0,7,7,0,0,0,22,6,9.678571,5040,1120,0,17.6
0,base,all_logged,136,SPECIAL-D,22,6,14,14,0,0,0,14,15,9.857143,10080,2240,0,11.200000000000001
0,base,all_logged,137,SPECIAL-D,14,11,29,25,4,4,0,0,28,10.535714,18000,4000,0,0.0
0,base,all_logged,138,SPECIAL-D,0,28,14,14,0,0,0,14,13,10.392857,10080,2240,0,11.200000000000001
0,base,all_logged,139,SPECIAL-D,14,28,9,9,0,0,0,33,10,10.535714,6480,1440,0,26.400000000000002
0,base,all_logged,140,SPECIAL-D,33,10,12,12,0,0,0,31,11,10.392857,8640,1920,0,24.8
0,base,all_logged,141,SPECIAL-D,31,11,9,9,0,0,0,33,10,10.571429,6480,1440,0,26.400000000000002
0,base,all_logged,142,SPECIAL-D,33,10,17,17,0,0,0,26,18,10.892857,12240,2720,0,20.8
0,base,all_logged,143,SPECIAL-D,26,18,4,4,0,0,0,40,4,10.821429,2880,640,0,32.0
0,base,all_logged,144,SPECIAL-D,40,4,10,10,0,0,1,33,11,10.892857,7200,1600,560,26.400000000000002
0,base,all_logged,145,SPECIAL-D,33,0,11,11,0,0,1,21,12,11,7920,1760,560,16.8
0,base,all_logged,146,SPECIAL-D,21,12,5,5,0,0,0,28,5,10.928571,3600,800,0,22.400000000000002
0,base,all_logged,147,SPECIAL-D,28,16,7,7,0,0,12,25,20,11.035714,5040,1120,6720,20.0
0,base,all_logged,148,SPECIAL-D,25,20,24,24,0,0,0,21,25,11.392857,17280,3840,0,16.8
0,base,all_logged,149,SPECIAL-D,21,25,9,9,0,0,0,37,9,11.321429,6480,1440,0,29.6
0,base,all_logged,150,SPECIAL-D,37,9,6,6,0,0,0,40,5,11.25,4320,960,0,32.0
0,base,all_logged,151,SPECIAL-D,40,5,12,12,0,0,0,33,13,11.321429,8640,1920,0,26.400000000000002
0,base,all_logged,152,SPECIAL-D,33,13,10,10,0,0,0,36,10,11.464286,7200,1600,0,28.8
0,base,all_logged,153,SPECIAL-D,36,10,8,8,0,0,9,29,17,11.428571,5760,1280,5040,23.200000000000003
0,base,all_logged,154,SPECIAL-D,29,17,8,8,0,0,1,37,9,11.428571,5760,1280,560,29.6
0,base,all_logged,155,SPECIAL-D,37,0,11,11,0,0,0,26,11,11.321429,7920,1760,0,20.8
0,base,all_logged,156,SPECIAL-D,26,11,6,6,0,0,0,31,4,10.928571,4320,960,0,24.8
0,base,all_logged,157,SPECIAL-D,31,13,7,7,0,0,3,34,10,10.785714,5040,1120,1680,27.200000000000003
0,base,all_logged,158,SPECIAL-D,34,10,13,13,0,0,10,21,23,10.821429,9360,2080,5600,16.8
0,base,all_logged,159,SPECIAL-D,21,23,13,13,0,0,0,31,12,10.714286,9360,2080,0,24.8
0,base,all_logged,160,SPECIAL-D,31,12,25,25,0,0,0,18,28,11.428571,18000,4000,0,14.4
0,base,all_logged,161,SPECIAL-D,18,28,15,15,0,0,0,31,16,11.607143,10800,2400,0,24.8
0,base,all_logged,162,SPECIAL-D,31,16,7,7,0,0,0,40,6,11.5,5040,1120,0,32.0
0,base,all_logged,163,SPECIAL-D,40,6,12,12,0,0,0,34,13,11.678571,8640,1920,0,27.200000000000003
0,base,all_logged,164,SPECIAL-D,34,13,23,23,0,0,0,24,24,12,16560,3680,0,19.200000000000003
0,base,all_logged,165,SPECIAL-D,24,24,9,9,0,0,0,39,7,11.285714,6480,1440,0,31.200000000000003
0,base,all_logged,166,SPECIAL-D,39,7,11,11,0,0,0,35,10,11.178571,7920,1760,0,28.0
0,base,all_logged,167,SPECIAL-D,35,10,5,5,0,0,0,40,5,11.035714,3600,800,0,32.0
0,base,all_logged,168,SPECIAL-D,40,5,18,18,0,0,0,27,18,11.25,12960,2880,0,21.6
0,base,all_logged,169,SPECIAL-D,27,18,14,14,0,0,5,26,20,11.428571,10080,2240,2800,20.8
0,base,all_logged,170,SPECIAL-D,26,20,10,10,0,0,0,36,9,11.178571,7200,1600,0,28.8
0,base,all_logged,171,SPECIAL-D,36,9,8,8,0,0,0,37,9,11.321429,5760,1280,0,29.6
0,base,all_logged,172,SPECIAL-D,37,9,13,13,0,0,0,33,13,11.428571,9360,2080,0,26.400000000000002
0,base,all_logged,173,SPECIAL-D,33,13,20,20,0,0,0,26,21,11.75,14400,3200,0,20.8
0,base,all_logged,174,SPECIAL-D,26,21,7,7,0,0,0,40,8,11.821429,5040,1120,0,32.0
0,base,all_logged,175,SPECIAL-D,40,8,6,6,0,0,0,42,6,11.785714,4320,960,0,33.6
0,base,all_logged,176,SPECIAL-D,42,6,7,7,0,0,0,41,4,11.178571,5040,1120,0,32.800000000000004
0,base,all_logged,177,SPECIAL-D,41,4,11,11,0,0,6,28,17,11.25,7920,1760,3360,22.400000000000002
0,base,all_logged,178,SPECIAL-D,28,17,14,14,0,0,10,21,26,11.535714,10080,2240,5600,16.8
0,base,all_logged,179,SPECIAL-D,21,26,11,11,0,0,0,36,10,11.5,7920,1760,0,28.8
0,base,all_logged,180,SPECIAL-D,36,10,10,10,0,0,0,36,10,11.5,7200,1600,0,28.8
0,base,all_logged,181,SPECIAL-D,36,10,4,4,0,0,0,42,4,11.357143,2880,640,0,33.6
0,base,all_logged,182,SPECIAL-D,42,4,5,5,0,0,0,41,4,11.25,3600,800,0,32.800000000000004
0,base,all_logged,183,SPECIAL-D,41,4,14,14,0,0,17,14,32,11.357143,10080,2240,9520,11.200000000000001
0,base,all_logged,184,SPECIAL-D,14,32,14,14,0,0,0,32,15,11.642857,10080,2240,0,25.6
0,base,all_logged,185,SPECIAL-D,32,15,6,6,0,0,0,41,6,11.607143,4320,960,0,32.800000000000004
0,base,all_logged,186,SPECIAL-D,41,6,14,14,0,0,0,33,14,11.642857,10080,2240,0,26.400000000000002
0,base,all_logged,187,SPECIAL-D,33,14,10,10,0,0,0,37,10,11.535714,7200,1600,0,29.6
0,base,all_logged,188,SPECIAL-D,37,10,16,16,0,0,2,29,16,11.214286,11520,2560,1120,23.200000000000003
0,base,all_logged,189,SPECIAL-D,29,16,6,6,0,0,0,39,5,10.892857,4320,960,0,31.200000000000003
0,base,all_logged,190,SPECIAL-D,39,5,4,4,0,0,0,40,4,10.785714,2880,640,0,32.0
0,base,all_logged,191,SPECIAL-D,40,4,4,4,0,0,9,31,11,10.5,2880,640,5040,24.8
0,base,all_logged,192,SPECIAL-D,31,11,20,20,0,0,6,16,26,10.392857,14400,3200,3360,12.8
0,base,all_logged,193,SPECIAL-D,16,0,10,10,0,0,0,6,10,10.428571,7200,1600,0,4.800000000000001
0,base,all_logged,194,SPECIAL-D,6,10,7,7,0,0,0,9,7,10.285714,5040,1120,0,7.2
0,base,all_logged,195,SPECIAL-D,9,33,6,6,0,0,0,36,6,10.321429,4320,960,0,28.8
0,base,all_logged,196,SPECIAL-D,36,6,10,10,0,0,0,32,9,10.035714,7200,1600,0,25.6
0,base,all_logged,197,SPECIAL-D,32,9,9,9,0,0,0,32,8,9.857143,6480,1440,0,25.6
0,base,all_logged,198,SPECIAL-D,32,0,9,9,0,0,0,23,9,9.821429,6480,1440,0,18.400000000000002
0,base,all_logged,199,SPECIAL-D,23,9,9,9,0,0,8,15,17,9.857143,6480,1440,4480,12.0
0,base,all_logged,200,SPECIAL-D,15,25,7,7,0,0,0,33,6,9.642857,5040,1120,0,26.400000000000002
0,base,all_logged,201,SPECIAL-D,33,6,12,12,0,0,0,27,11,9.357143,8640,1920,0,21.6
0,base,all_logged,202,SPECIAL-D,27,0,4,4,0,0,0,23,3,9.25,2880,640,0,18.400000000000002
0,base,all_logged,203,SPECIAL-D,23,3,7,7,0,0,0,19,8,9.285714,5040,1120,0,15.200000000000001
0,base,all_logged,204,SPECIAL-D,19,19,14,14,0,0,10,14,25,9.535714,10080,2240,5600,11.200000000000001
0,base,all_logged,205,SPECIAL-D,14,25,11,11,0,0,0,28,11,9.535714,7920,1760,0,22.400000000000002
0,base,all_logged,206,SPECIAL-D,28,11,8,8,0,0,0,31,7,9.321429,5760,1280,0,24.8
0,base,all_logged,207,SPECIAL-D,31,7,16,16,0,0,0,22,16,9.5,11520,2560,0,17.6
0,base,all_logged,208,SPECIAL-D,22,16,10,10,0,0,0,28,10,9.5,7200,1600,0,22.400000000000002
0,base,all_logged,209,SPECIAL-D,28,10,7,7,0,0,0,31,8,9.607143,5040,1120,0,24.8
0,base,all_logged,210,SPECIAL-D,31,0,7,7,0,0,0,24,7,9.678571,5040,1120,0,19.200000000000003
0,base,all_logged,211,SPECIAL-D,24,7,7,7,0,0,0,24,6,9.428571,5040,1120,0,19.200000000000003
0,base,all_logged,212,SPECIAL-D,24,14,13,13,0,0,7,18,20,9.392857,9360,2080,3920,14.4
0,base,all_logged,213,SPECIAL-D,18,20,10,10,0,0,0,28,11,9.535714,7200,1600,0,22.400000000000002
0,base,all_logged,214,SPECIAL-D,28,0,11,11,0,0,0,17,10,9.428571,7920,1760,0,13.600000000000001
0,base,all_logged,215,SPECIAL-D,17,10,15,15,0,0,0,12,16,9.607143,10800,2400,0,9.600000000000001
0,base,all_logged,216,SPECIAL-D,12,27,8,8,0,0,0,31,7,9.321429,5760,1280,0,24.8
0,base,all_logged,217,SPECIAL-D,31,0,27,27,0,0,0,4,30,10.071429,19440,4320,0,3.2
0,base,all_logged,218,SPECIAL-D,4,30,4,4,0,0,0,30,4,10.071429,2880,640,0,24.0
0,base,all_logged,219,SPECIAL-D,30,11,9,9,0,0,0,32,9,10.25,6480,1440,0,25.6
0,base,all_logged,220,SPECIAL-D,32,9,15,15,0,0,0,26,15,10.071429,10800,2400,0,20.8
0,base,all_logged,221,SPECIAL-D,26,15,11,11,0,0,0,30,11,10.107143,7920,1760,0,24.0
0,base,all_logged,222,SPECIAL-D,30,11,12,12,0,0,0,29,13,10.285714,8640,1920,0,23.200000000000003
0,base,all_logged,223,SPECIAL-D,29,13,10,10,0,0,0,32,10,10.428571,7200,1600,0,25.6
0,base,all_logged,224,SPECIAL-D,32,10,10,10,0,0,0,32,10,10.428571,7200,1600,0,25.6
0,base,all_logged,225,SPECIAL-D,32,10,8,8,0,0,0,34,8,10.392857,5760,1280,0,27.200000000000003
0,base,all_logged,226,SPECIAL-D,34,8,10,10,0,0,1,31,11,10.428571,7200,1600,560,24.8
0,base,all_logged,227,SPECIAL-D,31,11,11,11,0,0,3,28,14,10.5,7920,1760,1680,22.400000000000002
0,base,all_logged,228,SPECIAL-D,28,14,15,15,0,0,0,27,17,10.785714,10800,2400,0,21.6
0,base,all_logged,229,SPECIAL-D,27,17,13,13,0,0,0,31,13,10.821429,9360,2080,0,24.8
0,base,all_logged,230,SPECIAL-D,31,13,8,8,0,0,0,36,8,10.964286,5760,1280,0,28.8
0,base,all_logged,231,SPECIAL-D,36,0,12,12,0,0,0,24,13,11.142857,8640,1920,0,19.200000000000003
0,base,all_logged,232,SPECIAL-D,24,13,6,6,0,0,0,31,5,10.857143,4320,960,0,24.8
0,base,all_logged,233,SPECIAL-D,31,13,8,8,0,0,5,31,12,10.75,5760,1280,2800,24.8
0,base,all_logged,234,SPECIAL-D,31,0,12,12,0,0,5,14,18,10.892857,8640,1920,2800,11.200000000000001
0,base,all_logged,235,SPECIAL-D,14,18,5,5,0,0,0,27,3,10.5,3600,800,0,21.6
0,base,all_logged,236,SPECIAL-D,27,12,8,8,0,0,0,31,8,10.428571,5760,1280,0,24.8
0,base,all_logged,237,SPECIAL-D,31,8,6,6,0,0,1,32,7,10.392857,4320,960,560,25.6
0,base,all_logged,238,SPECIAL-D,32,10,14,14,0,0,0,28,15,10.642857,10080,2240,0,22.400000000000002
0,base,all_logged,239,SPECIAL-D,28,15,10,10,0,0,0,33,10,10.75,7200,1600,0,26.400000000000002
